CODIGO,EMPRESA,TICKER,CNPJ,DATA ACIONISTAS,FISICOS,JURIDICOS,INSTITUCIONAIS,URL B3
25291,3R PETROLEUM,RRRP3,12.091.809/0001-55,11/12/2020,4225,17,109,http://www.b3.com.br/pt_br/produtos-e-servicos/negociacao/renda-variavel/empresas-listadas.htm?codigo=25291
16284,524 PARTICIP,QVQP3B,01.851.771/0001-55,05/03/2020,0,1,1,http://www.b3.com.br/pt_br/produtos-e-servicos/negociacao/renda-variavel/empresas-listadas.htm?codigo=16284
20958,ABC BRASIL,ABCB4,28.195.667/0001-06,29/05/2020,40944,429,253,http://www.b3.com.br/pt_br/produtos-e-servicos/negociacao/renda-variavel/empresas-listadas.htm?codigo=20958
5380,ACO ALTONA,EALT3,82.643.537/0001-34,02/06/2020,4364,28,13,http://www.b3.com.br/pt_br/produtos-e-servicos/negociacao/renda-variavel/empresas-listadas.htm?codigo=5380
21725,ADVANCED-DH,?,10.345.009/0001-98,31/12/2018,694,15,0,http://www.b3.com.br/pt_br/produtos-e-servicos/negociacao/renda-variavel/empresas-listadas.htm?codigo=21725
25283,AERIS,AERI3,12.528.708/0001-07,29/09/2020,20930,36,217,http://www.b3.com.br/pt_br/produtos-e-servicos/negociacao/renda-variavel/empresas-listadas.htm?codigo=25283
19313,AES ELPA,?,01.917.705/0001-30,20/04/2017,15915,4058,325,http://www.b3.com.br/pt_br/produtos-e-servicos/negociacao/renda-variavel/empresas-listadas.htm?codigo=19313
16527,AES SUL,?,02.016.440/0001-62,29/04/2019,0,1,0,http://www.b3.com.br/pt_br/produtos-e-servicos/negociacao/renda-variavel/empresas-listadas.htm?codigo=16527
18350,AES TIETE,?,02.998.609/0001-27,05/08/2015,20152,180,1261,http://www.b3.com.br/pt_br/produtos-e-servicos/negociacao/renda-variavel/empresas-listadas.htm?codigo=18350
18970,AES TIETE E,TIET11,04.128.563/0001-10,13/02/2020,116741,551,438,http://www.b3.com.br/pt_br/produtos-e-servicos/negociacao/renda-variavel/empresas-listadas.htm?codigo=18970
20150,AFLUENTE,?,07.620.094/0001-40,17/03/2017,1898,273,6,http://www.b3.com.br/pt_br/produtos-e-servicos/negociacao/renda-variavel/empresas-listadas.htm?codigo=20150
22179,AFLUENTE T,AFLT3,10.338.320/0001-00,15/04/2019,1986,276,3,http://www.b3.com.br/pt_br/produtos-e-servicos/negociacao/renda-variavel/empresas-listadas.htm?codigo=22179
19437,AGCONCESSOES,?,03.601.314/0001-38,22/03/2017,9,1,0,http://www.b3.com.br/pt_br/produtos-e-servicos/negociacao/renda-variavel/empresas-listadas.htm?codigo=19437
19062,AGPART,CANT3B,04.031.960/0001-70,12/04/2019,3,1,0,http://www.b3.com.br/pt_br/produtos-e-servicos/negociacao/renda-variavel/empresas-listadas.htm?codigo=19062
80080,AGRENCO,?,08.943.312/0001-40,01/10/2013,5834,55,0,http://www.b3.com.br/pt_br/produtos-e-servicos/negociacao/renda-variavel/empresas-listadas.htm?codigo=80080
16705,ALEF S/A,ALEF3B,02.217.319/0001-07,05/03/2020,1,0,1,http://www.b3.com.br/pt_br/produtos-e-servicos/negociacao/renda-variavel/empresas-listadas.htm?codigo=16705
4707,ALFA CONSORC,BRGE11,17.193.806/0001-46,24/04/2020,15072,1490,8,http://www.b3.com.br/pt_br/produtos-e-servicos/negociacao/renda-variavel/empresas-listadas.htm?codigo=4707
3891,ALFA FINANC,CRIV3,17.167.412/0001-13,24/04/2020,4007,360,17,http://www.b3.com.br/pt_br/produtos-e-servicos/negociacao/renda-variavel/empresas-listadas.htm?codigo=3891
9954,ALFA HOLDING,RPAD3,17.167.396/0001-69,24/04/2020,11934,1458,6,http://www.b3.com.br/pt_br/produtos-e-servicos/negociacao/renda-variavel/empresas-listadas.htm?codigo=9954
1384,ALFA INVEST,BRIV3,60.770.336/0001-65,24/04/2020,17919,1409,13,http://www.b3.com.br/pt_br/produtos-e-servicos/negociacao/renda-variavel/empresas-listadas.htm?codigo=1384
21032,ALGAR TELEC,?,71.208.516/0001-74,29/04/2020,531,286,0,http://www.b3.com.br/pt_br/produtos-e-servicos/negociacao/renda-variavel/empresas-listadas.htm?codigo=21032
21300,ALIANSCE,?,06.082.980/0001-03,29/04/2019,2403,301,6,http://www.b3.com.br/pt_br/produtos-e-servicos/negociacao/renda-variavel/empresas-listadas.htm?codigo=21300
22357,ALIANSCSONAE,ALSO3,05.878.397/0001-32,30/04/2020,9375,18,559,http://www.b3.com.br/pt_br/produtos-e-servicos/negociacao/renda-variavel/empresas-listadas.htm?codigo=22357
12823,ALIPERTI,APTI3,61.156.931/0001-78,29/04/2019,4,4,0,http://www.b3.com.br/pt_br/produtos-e-servicos/negociacao/renda-variavel/empresas-listadas.htm?codigo=12823
15300,ALL NORTE,FRRN3B,24.962.466/0001-36,25/04/2019,1,5,0,http://www.b3.com.br/pt_br/produtos-e-servicos/negociacao/renda-variavel/empresas-listadas.htm?codigo=15300
17930,ALL PAULISTA,?,02.502.844/0001-66,30/04/2019,0,1,0,http://www.b3.com.br/pt_br/produtos-e-servicos/negociacao/renda-variavel/empresas-listadas.htm?codigo=17930
24058,ALLIAR,AALR3,42.771.949/0001-35,23/04/2020,5512,52,141,http://www.b3.com.br/pt_br/produtos-e-servicos/negociacao/renda-variavel/empresas-listadas.htm?codigo=24058
10456,ALPARGATAS,ALPA3,61.079.117/0001-05,30/04/2020,16232,690,166,http://www.b3.com.br/pt_br/produtos-e-servicos/negociacao/renda-variavel/empresas-listadas.htm?codigo=10456
22217,ALPER S.A.,APER3,11.721.921/0001-60,30/10/2020,4360,33,66,http://www.b3.com.br/pt_br/produtos-e-servicos/negociacao/renda-variavel/empresas-listadas.htm?codigo=22217
25275,ALPHAVILLE,AVLL3,16.811.931/0001-00,28/01/2021,373,3,44,http://www.b3.com.br/pt_br/produtos-e-servicos/negociacao/renda-variavel/empresas-listadas.htm?codigo=25275
18066,ALTERE SEC,?,02.783.423/0001-50,30/04/2020,2,0,0,http://www.b3.com.br/pt_br/produtos-e-servicos/negociacao/renda-variavel/empresas-listadas.htm?codigo=18066
23183,ALTUS S/A,?,92.859.974/0001-43,28/04/2017,0,1,0,http://www.b3.com.br/pt_br/produtos-e-servicos/negociacao/renda-variavel/empresas-listadas.htm?codigo=23183
21490,ALUPAR,ALUP11,08.364.948/0001-38,27/04/2020,29439,623,0,http://www.b3.com.br/pt_br/produtos-e-servicos/negociacao/renda-variavel/empresas-listadas.htm?codigo=21490
922,AMAZONIA,BAZA3,04.902.979/0001-44,31/12/2019,14528,509,22,http://www.b3.com.br/pt_br/produtos-e-servicos/negociacao/renda-variavel/empresas-listadas.htm?codigo=922
18112,AMBEV,?,02.808.708/0001-07,30/07/2013,0,1,0,http://www.b3.com.br/pt_br/produtos-e-servicos/negociacao/renda-variavel/empresas-listadas.htm?codigo=18112
23264,AMBEV S/A,ABEV3,07.526.557/0001-00,05/06/2020,278836,2081,750,http://www.b3.com.br/pt_br/produtos-e-servicos/negociacao/renda-variavel/empresas-listadas.htm?codigo=23264
24961,AMBIPAR,AMBP3,12.648.266/0001-24,26/08/2020,5466,91,189,http://www.b3.com.br/pt_br/produtos-e-servicos/negociacao/renda-variavel/empresas-listadas.htm?codigo=24961
3050,AMPLA ENERG,CBEE3,33.050.071/0001-58,30/06/2020,889,44,6,http://www.b3.com.br/pt_br/produtos-e-servicos/negociacao/renda-variavel/empresas-listadas.htm?codigo=3050
23248,ANIMA,ANIM3,09.288.252/0001-32,18/02/2021,12423,448,447,http://www.b3.com.br/pt_br/produtos-e-servicos/negociacao/renda-variavel/empresas-listadas.htm?codigo=23248
21512,AQUILLA SEC,?,09.439.783/0001-89,29/04/2016,0,1,0,http://www.b3.com.br/pt_br/produtos-e-servicos/negociacao/renda-variavel/empresas-listadas.htm?codigo=21512
18651,ARAUCARIA,VDNP3B,03.616.277/0001-31,16/01/2014,1,0,1,http://www.b3.com.br/pt_br/produtos-e-servicos/negociacao/renda-variavel/empresas-listadas.htm?codigo=18651
22349,AREZZO CO,ARZZ3,16.590.234/0001-76,10/06/2020,30457,86,248,http://www.b3.com.br/pt_br/produtos-e-servicos/negociacao/renda-variavel/empresas-listadas.htm?codigo=22349
19771,ARTERIS,?,02.919.555/0001-67,10/02/2017,0,4,90,http://www.b3.com.br/pt_br/produtos-e-servicos/negociacao/renda-variavel/empresas-listadas.htm?codigo=19771
25372,ASSAI,ASAI3,06.057.223/0001-71,31/12/2020,0,1,0,http://www.b3.com.br/pt_br/produtos-e-servicos/negociacao/renda-variavel/empresas-listadas.htm?codigo=25372
19100,ATMASA,?,04.032.433/0001-80,30/04/2020,2944,19,37,http://www.b3.com.br/pt_br/produtos-e-servicos/negociacao/renda-variavel/empresas-listadas.htm?codigo=19100
15423,ATOMPAR,ATOM3,00.359.742/0001-08,30/04/2020,3582,20,0,http://www.b3.com.br/pt_br/produtos-e-servicos/negociacao/renda-variavel/empresas-listadas.htm?codigo=15423
80187,AURA 360,AURA33,07.857.093/0001-14,31/05/2019,53,29,1,http://www.b3.com.br/pt_br/produtos-e-servicos/negociacao/renda-variavel/empresas-listadas.htm?codigo=80187
20192,AUTOBAN,?,02.451.848/0001-62,08/04/2020,0,1,0,http://www.b3.com.br/pt_br/produtos-e-servicos/negociacao/renda-variavel/empresas-listadas.htm?codigo=20192
11975,AZEVEDO,AZEV3,61.351.532/0001-68,30/12/2020,5755,21,12,http://www.b3.com.br/pt_br/produtos-e-servicos/negociacao/renda-variavel/empresas-listadas.htm?codigo=11975
24112,AZUL,AZUL4,09.305.994/0001-29,10/08/2020,189318,1455,56,http://www.b3.com.br/pt_br/produtos-e-servicos/negociacao/renda-variavel/empresas-listadas.htm?codigo=24112
20990,B2W DIGITAL,BTOW3,00.776.574/0001-56,30/04/2020,11323,712,373,http://www.b3.com.br/pt_br/produtos-e-servicos/negociacao/renda-variavel/empresas-listadas.htm?codigo=20990
19607,BAESA,?,04.781.143/0001-39,30/04/2014,0,5,0,http://www.b3.com.br/pt_br/produtos-e-servicos/negociacao/renda-variavel/empresas-listadas.htm?codigo=19607
701,BAHEMA,BAHI3,45.987.245/0001-92,29/09/2020,1154,52,21,http://www.b3.com.br/pt_br/produtos-e-servicos/negociacao/renda-variavel/empresas-listadas.htm?codigo=701
24600,BANCO BMG,BMGB4,61.186.680/0001-74,30/04/2020,30170,345,0,http://www.b3.com.br/pt_br/produtos-e-servicos/negociacao/renda-variavel/empresas-listadas.htm?codigo=24600
24406,BANCO INTER,BIDI11,00.416.968/0001-01,27/08/2020,159374,158,451,http://www.b3.com.br/pt_br/produtos-e-servicos/negociacao/renda-variavel/empresas-listadas.htm?codigo=24406
21199,BANCO PAN,BPAN4,59.285.411/0001-13,04/12/2020,61727,258,282,http://www.b3.com.br/pt_br/produtos-e-servicos/negociacao/renda-variavel/empresas-listadas.htm?codigo=21199
1120,BANESE,BGIP3,13.009.717/0001-46,20/07/2020,3167,336,14,http://www.b3.com.br/pt_br/produtos-e-servicos/negociacao/renda-variavel/empresas-listadas.htm?codigo=1120
1155,BANESTES,BEES3,28.127.603/0001-78,18/11/2020,16815,61,15,http://www.b3.com.br/pt_br/produtos-e-servicos/negociacao/renda-variavel/empresas-listadas.htm?codigo=1155
1171,BANPARA,BPAR3,04.913.711/0001-08,15/04/2020,201,122,1,http://www.b3.com.br/pt_br/produtos-e-servicos/negociacao/renda-variavel/empresas-listadas.htm?codigo=1171
1210,BANRISUL,BRSR3,92.702.067/0001-96,25/04/2019,57406,3977,799,http://www.b3.com.br/pt_br/produtos-e-servicos/negociacao/renda-variavel/empresas-listadas.htm?codigo=1210
80160,BANSANTANDER,?,05.707.616/0001-10,23/03/2018,4060584,37091,11123,http://www.b3.com.br/pt_br/produtos-e-servicos/negociacao/renda-variavel/empresas-listadas.htm?codigo=80160
1520,BARDELLA,BDLL3,60.851.615/0001-53,30/04/2019,1024,18,17,http://www.b3.com.br/pt_br/produtos-e-servicos/negociacao/renda-variavel/empresas-listadas.htm?codigo=1520
21920,BARIGUI SEC,?,10.608.405/0001-60,11/04/2016,2,1,0,http://www.b3.com.br/pt_br/produtos-e-servicos/negociacao/renda-variavel/empresas-listadas.htm?codigo=21920
15458,BATTISTELLA,BTTL3,42.331.462/0001-31,30/04/2020,701,14,0,http://www.b3.com.br/pt_br/produtos-e-servicos/negociacao/renda-variavel/empresas-listadas.htm?codigo=15458
1562,BAUMER,BALM3,61.374.161/0001-30,31/07/2020,569,17,0,http://www.b3.com.br/pt_br/produtos-e-servicos/negociacao/renda-variavel/empresas-listadas.htm?codigo=1562
24660,BBMLOGISTICA,BBML3,01.107.327/0001-20,18/12/2019,2,0,1,http://www.b3.com.br/pt_br/produtos-e-servicos/negociacao/renda-variavel/empresas-listadas.htm?codigo=24660
23159,BBSEGURIDADE,BBSE3,17.344.597/0001-94,22/04/2020,127446,2237,1330,http://www.b3.com.br/pt_br/produtos-e-servicos/negociacao/renda-variavel/empresas-listadas.htm?codigo=23159
16233,BELAPART,?,01.608.571/0001-76,23/12/2015,2,0,1,http://www.b3.com.br/pt_br/produtos-e-servicos/negociacao/renda-variavel/empresas-listadas.htm?codigo=16233
20656,BEMATECH,?,82.373.077/0001-71,28/10/2015,0,1,0,http://www.b3.com.br/pt_br/produtos-e-servicos/negociacao/renda-variavel/empresas-listadas.htm?codigo=20656
25500,BEMOBI TECH,BMOB3,09.042.817/0001-05,11/02/2021,12916,294,378,http://www.b3.com.br/pt_br/produtos-e-servicos/negociacao/renda-variavel/empresas-listadas.htm?codigo=25500
19747,BETA SECURIT,?,07.021.459/0001-10,04/01/2019,0,1,1,http://www.b3.com.br/pt_br/produtos-e-servicos/negociacao/renda-variavel/empresas-listadas.htm?codigo=19747
17884,BETAPART,BETP3B,02.762.124/0001-30,28/04/2014,4,0,0,http://www.b3.com.br/pt_br/produtos-e-servicos/negociacao/renda-variavel/empresas-listadas.htm?codigo=17884
1694,BIC MONARK,BMKS3,56.992.423/0001-90,30/04/2020,456,22,1,http://www.b3.com.br/pt_br/produtos-e-servicos/negociacao/renda-variavel/empresas-listadas.htm?codigo=1694
21113,BICBANCO,?,07.450.604/0001-89,30/04/2015,0,0,0,http://www.b3.com.br/pt_br/produtos-e-servicos/negociacao/renda-variavel/empresas-listadas.htm?codigo=21113
15121,BICLEASING,?,69.720.910/0001-45,28/04/2017,0,2,0,http://www.b3.com.br/pt_br/produtos-e-servicos/negociacao/renda-variavel/empresas-listadas.htm?codigo=15121
19305,BIOMM,BIOM3,04.752.991/0001-10,06/10/2020,2354,94,17,http://www.b3.com.br/pt_br/produtos-e-servicos/negociacao/renda-variavel/empresas-listadas.htm?codigo=19305
22845,BIOSEV,BSEV3,15.527.906/0001-36,02/09/2020,4854,15,32,http://www.b3.com.br/pt_br/produtos-e-servicos/negociacao/renda-variavel/empresas-listadas.htm?codigo=22845
80179,BIOTOSCANA,?,19.688.956/0001-56,25/11/2019,3144,28,77,http://www.b3.com.br/pt_br/produtos-e-servicos/negociacao/renda-variavel/empresas-listadas.htm?codigo=80179
24317,BK BRASIL,BKBR3,13.574.594/0001-96,20/11/2020,27758,127,378,http://www.b3.com.br/pt_br/produtos-e-servicos/negociacao/renda-variavel/empresas-listadas.htm?codigo=24317
16772,BNDESPAR,?,00.383.281/0001-09,30/04/2019,0,1,0,http://www.b3.com.br/pt_br/produtos-e-servicos/negociacao/renda-variavel/empresas-listadas.htm?codigo=16772
25135,BOA VISTA,BOAS3,11.725.176/0001-27,31/08/2020,0,2,4,http://www.b3.com.br/pt_br/produtos-e-servicos/negociacao/renda-variavel/empresas-listadas.htm?codigo=25135
12190,BOMBRIL,BOBR3,50.564.053/0001-03,27/04/2020,5644,39,26,http://www.b3.com.br/pt_br/produtos-e-servicos/negociacao/renda-variavel/empresas-listadas.htm?codigo=12190
16560,BONAIRE PART,?,02.117.801/0001-67,26/04/2017,1,1,0,http://www.b3.com.br/pt_br/produtos-e-servicos/negociacao/renda-variavel/empresas-listadas.htm?codigo=16560
23108,BPMB I PART,?,15.483.430/0001-89,02/06/2015,0,1,0,http://www.b3.com.br/pt_br/produtos-e-servicos/negociacao/renda-variavel/empresas-listadas.htm?codigo=23108
21180,BR BROKERS,BBRK3,08.613.550/0001-98,26/04/2020,9251,16,82,http://www.b3.com.br/pt_br/produtos-e-servicos/negociacao/renda-variavel/empresas-listadas.htm?codigo=21180
23710,BR HOME,HCBR3,11.102.250/0001-59,10/10/2016,1,1,0,http://www.b3.com.br/pt_br/produtos-e-servicos/negociacao/renda-variavel/empresas-listadas.htm?codigo=23710
19909,BR MALLS PAR,BRML3,06.977.745/0001-91,02/07/2020,43184,199,1046,http://www.b3.com.br/pt_br/produtos-e-servicos/negociacao/renda-variavel/empresas-listadas.htm?codigo=19909
22500,BR PHARMA,BPHA3,11.395.624/0001-71,30/04/2018,0,0,0,http://www.b3.com.br/pt_br/produtos-e-servicos/negociacao/renda-variavel/empresas-listadas.htm?codigo=22500
19925,BR PROPERT,BRPR3,06.977.751/0001-49,24/04/2020,5006,44,428,http://www.b3.com.br/pt_br/produtos-e-servicos/negociacao/renda-variavel/empresas-listadas.htm?codigo=19925
906,BRADESCO,BBDC3,60.746.948/0001-12,16/04/2020,498544,35389,1324,http://www.b3.com.br/pt_br/produtos-e-servicos/negociacao/renda-variavel/empresas-listadas.htm?codigo=906
19640,BRADESCO LSG,?,47.509.120/0001-82,30/04/2020,0,1,0,http://www.b3.com.br/pt_br/produtos-e-servicos/negociacao/renda-variavel/empresas-listadas.htm?codigo=19640
18724,BRADESPAR,BRAP3,03.847.461/0001-92,21/01/2021,97002,10966,424,http://www.b3.com.br/pt_br/produtos-e-servicos/negociacao/renda-variavel/empresas-listadas.htm?codigo=18724
1023,BRASIL,BBAS11,00.000.000/0001-91,30/07/2020,699767,14067,1548,http://www.b3.com.br/pt_br/produtos-e-servicos/negociacao/renda-variavel/empresas-listadas.htm?codigo=1023
20036,BRASILAGRO,AGRO3,07.628.528/0001-59,22/01/2021,16997,101,180,http://www.b3.com.br/pt_br/produtos-e-servicos/negociacao/renda-variavel/empresas-listadas.htm?codigo=20036
4820,BRASKEM,BRKM3,42.150.391/0001-70,29/05/2020,59835,3373,368,http://www.b3.com.br/pt_br/produtos-e-servicos/negociacao/renda-variavel/empresas-listadas.htm?codigo=4820
19720,BRAZIL REALT,?,07.119.838/0001-48,30/04/2020,0,2,0,http://www.b3.com.br/pt_br/produtos-e-servicos/negociacao/renda-variavel/empresas-listadas.htm?codigo=19720
17922,BRAZILIAN FR,?,02.762.113/0001-50,30/04/2020,0,1,0,http://www.b3.com.br/pt_br/produtos-e-servicos/negociacao/renda-variavel/empresas-listadas.htm?codigo=17922
18759,BRAZILIAN SC,?,03.767.538/0001-14,30/04/2020,0,1,0,http://www.b3.com.br/pt_br/produtos-e-servicos/negociacao/renda-variavel/empresas-listadas.htm?codigo=18759
14206,BRB BANCO,BSLI3,00.000.208/0001-00,31/07/2020,12380,32,0,http://www.b3.com.br/pt_br/produtos-e-servicos/negociacao/renda-variavel/empresas-listadas.htm?codigo=14206
20672,BRC SECURIT,?,08.653.753/0001-08,26/06/2020,0,1,0,http://www.b3.com.br/pt_br/produtos-e-servicos/negociacao/renda-variavel/empresas-listadas.htm?codigo=20672
16292,BRF SA,BRFS3,01.838.723/0001-27,27/04/2020,59091,1871,34,http://www.b3.com.br/pt_br/produtos-e-servicos/negociacao/renda-variavel/empresas-listadas.htm?codigo=16292
20265,BROOKFIELD,?,07.700.557/0001-84,29/04/2016,0,4,0,http://www.b3.com.br/pt_br/produtos-e-servicos/negociacao/renda-variavel/empresas-listadas.htm?codigo=20265
19895,BRPR 45 SEC,?,07.088.416/0001-52,05/05/2017,0,2,0,http://www.b3.com.br/pt_br/produtos-e-servicos/negociacao/renda-variavel/empresas-listadas.htm?codigo=19895
19976,BRPR 52 SEC,?,07.033.882/0001-30,30/04/2015,0,2,0,http://www.b3.com.br/pt_br/produtos-e-servicos/negociacao/renda-variavel/empresas-listadas.htm?codigo=19976
19941,BRPR 55 SEC,?,07.710.591/0001-30,28/04/2017,0,2,0,http://www.b3.com.br/pt_br/produtos-e-servicos/negociacao/renda-variavel/empresas-listadas.htm?codigo=19941
19984,BRPR 56 SEC,?,06.137.677/0001-52,31/12/2019,0,1,0,http://www.b3.com.br/pt_br/produtos-e-servicos/negociacao/renda-variavel/empresas-listadas.htm?codigo=19984
23817,BRQ,BRQB3,36.542.025/0001-64,20/04/2020,15,2,0,http://www.b3.com.br/pt_br/produtos-e-servicos/negociacao/renda-variavel/empresas-listadas.htm?codigo=23817
22616,BTGP BANCO,BPAC11,30.306.294/0001-45,26/08/2020,47647,1612,682,http://www.b3.com.br/pt_br/produtos-e-servicos/negociacao/renda-variavel/empresas-listadas.htm?codigo=22616
20133,BV LEASING,?,01.858.774/0001-10,30/04/2017,0,1,0,http://www.b3.com.br/pt_br/produtos-e-servicos/negociacao/renda-variavel/empresas-listadas.htm?codigo=20133
19119,CABINDA PART,CABI3B,04.030.182/0001-02,05/07/2016,1,1,0,http://www.b3.com.br/pt_br/produtos-e-servicos/negociacao/renda-variavel/empresas-listadas.htm?codigo=19119
22683,CACHOEIRA,?,05.336.882/0001-84,18/08/2011,0,1,0,http://www.b3.com.br/pt_br/produtos-e-servicos/negociacao/renda-variavel/empresas-listadas.htm?codigo=22683
19135,CACONDE PART,CACO3B,04.031.213/0001-31,20/06/2016,1,1,0,http://www.b3.com.br/pt_br/produtos-e-servicos/negociacao/renda-variavel/empresas-listadas.htm?codigo=19135
2062,CAF BRASILIA,?,25.869.736/0001-21,29/04/2011,2192,35,15,http://www.b3.com.br/pt_br/produtos-e-servicos/negociacao/renda-variavel/empresas-listadas.htm?codigo=2062
19097,CAIANDA PART,CAIA3B,04.038.763/0001-82,20/06/2016,1,1,0,http://www.b3.com.br/pt_br/produtos-e-servicos/negociacao/renda-variavel/empresas-listadas.htm?codigo=19097
2100,CAMBUCI,CAMB3,61.088.894/0001-08,29/04/2020,4291,40,9,http://www.b3.com.br/pt_br/produtos-e-servicos/negociacao/renda-variavel/empresas-listadas.htm?codigo=2100
24228,CAMIL,CAML3,64.904.295/0001-03,18/01/2020,38975,142,105,http://www.b3.com.br/pt_br/produtos-e-servicos/negociacao/renda-variavel/empresas-listadas.htm?codigo=24228
17493,CAPITALPART,?,02.591.787/0001-39,29/04/2016,22,20,0,http://www.b3.com.br/pt_br/produtos-e-servicos/negociacao/renda-variavel/empresas-listadas.htm?codigo=17493
24171,CARREFOUR BR,CRFB3,75.315.333/0001-09,14/04/2020,10771,443,645,http://www.b3.com.br/pt_br/produtos-e-servicos/negociacao/renda-variavel/empresas-listadas.htm?codigo=24171
16861,CASAN,CASN3,82.508.433/0001-17,27/08/2020,80,20,0,http://www.b3.com.br/pt_br/produtos-e-servicos/negociacao/renda-variavel/empresas-listadas.htm?codigo=16861
18821,CCR SA,CCRO3,02.846.056/0001-97,09/04/2020,21749,149,1221,http://www.b3.com.br/pt_br/produtos-e-servicos/negociacao/renda-variavel/empresas-listadas.htm?codigo=18821
20184,CCX CARVAO,?,07.950.674/0001-04,30/04/2019,1298,6,0,http://www.b3.com.br/pt_br/produtos-e-servicos/negociacao/renda-variavel/empresas-listadas.htm?codigo=20184
24848,CEA MODAS,CEAB3,45.242.914/0001-05,26/06/2020,25240,107,262,http://www.b3.com.br/pt_br/produtos-e-servicos/negociacao/renda-variavel/empresas-listadas.htm?codigo=24848
14451,CEB,CEBR3,00.070.698/0001-11,22/07/2020,1023,73,11,http://www.b3.com.br/pt_br/produtos-e-servicos/negociacao/renda-variavel/empresas-listadas.htm?codigo=14451
3077,CEDRO,CEDO3,17.245.234/0001-00,31/07/2020,2237,28,4,http://www.b3.com.br/pt_br/produtos-e-servicos/negociacao/renda-variavel/empresas-listadas.htm?codigo=3077
20648,CEEE-D,CEED3,08.467.115/0001-00,30/04/2020,102,212,0,http://www.b3.com.br/pt_br/produtos-e-servicos/negociacao/renda-variavel/empresas-listadas.htm?codigo=20648
3204,CEEE-GT,EEEL3,92.715.812/0001-31,30/04/2020,136,227,363,http://www.b3.com.br/pt_br/produtos-e-servicos/negociacao/renda-variavel/empresas-listadas.htm?codigo=3204
16616,CEG,CEGR3,33.938.119/0001-69,30/06/2020,70,6,86,http://www.b3.com.br/pt_br/produtos-e-servicos/negociacao/renda-variavel/empresas-listadas.htm?codigo=16616
2461,CELESC,CLSC3,83.878.892/0001-55,30/04/2019,5139,520,450,http://www.b3.com.br/pt_br/produtos-e-servicos/negociacao/renda-variavel/empresas-listadas.htm?codigo=2461
21393,CELGPAR,GPAR3,08.560.444/0001-93,03/04/2020,258,92,0,http://www.b3.com.br/pt_br/produtos-e-servicos/negociacao/renda-variavel/empresas-listadas.htm?codigo=21393
14362,CELPE,CEPE3,10.835.932/0001-08,15/04/2019,1178,253,9,http://www.b3.com.br/pt_br/produtos-e-servicos/negociacao/renda-variavel/empresas-listadas.htm?codigo=14362
13854,CEMEPE,MAPT3,93.828.986/0001-73,30/04/2020,575,28,0,http://www.b3.com.br/pt_br/produtos-e-servicos/negociacao/renda-variavel/empresas-listadas.htm?codigo=13854
2453,CEMIG,CMIG3,17.155.730/0001-64,03/05/2019,142373,3657,54,http://www.b3.com.br/pt_br/produtos-e-servicos/negociacao/renda-variavel/empresas-listadas.htm?codigo=2453
20303,CEMIG DIST,?,06.981.180/0001-16,07/08/2019,0,1,0,http://www.b3.com.br/pt_br/produtos-e-servicos/negociacao/renda-variavel/empresas-listadas.htm?codigo=20303
20320,CEMIG GT,?,06.981.176/0001-58,03/05/2019,0,1,0,http://www.b3.com.br/pt_br/produtos-e-servicos/negociacao/renda-variavel/empresas-listadas.htm?codigo=20320
24694,CENTAURO,CNTO3,13.217.485/0001-11,30/04/2020,56777,273,353,http://www.b3.com.br/pt_br/produtos-e-servicos/negociacao/renda-variavel/empresas-listadas.htm?codigo=24694
2577,CESP,CESP3,60.933.603/0001-78,30/03/2020,15525,122,922,http://www.b3.com.br/pt_br/produtos-e-servicos/negociacao/renda-variavel/empresas-listadas.htm?codigo=2577
2488,CHIARELLI,?,52.736.840/0001-10,18/06/2008,450,68,518,http://www.b3.com.br/pt_br/produtos-e-servicos/negociacao/renda-variavel/empresas-listadas.htm?codigo=2488
14761,CIA HERING,HGTX3,78.876.950/0001-71,27/04/2020,61793,901,516,http://www.b3.com.br/pt_br/produtos-e-servicos/negociacao/renda-variavel/empresas-listadas.htm?codigo=14761
18287,CIBRASEC,?,02.105.040/0001-23,30/04/2020,0,2,0,http://www.b3.com.br/pt_br/produtos-e-servicos/negociacao/renda-variavel/empresas-listadas.htm?codigo=18287
21733,CIELO,CIEL3,01.027.058/0001-91,24/07/2020,162258,1129,689,http://www.b3.com.br/pt_br/produtos-e-servicos/negociacao/renda-variavel/empresas-listadas.htm?codigo=21733
14818,CIMS,CMSA3,00.272.185/0001-93,12/02/2021,0,2,0,http://www.b3.com.br/pt_br/produtos-e-servicos/negociacao/renda-variavel/empresas-listadas.htm?codigo=14818
23965,CINESYSTEM,CNSY3,07.437.016/0001-05,28/04/2020,3,3,0,http://www.b3.com.br/pt_br/produtos-e-servicos/negociacao/renda-variavel/empresas-listadas.htm?codigo=23965
4448,COBRASMA,?,61.080.313/0001-91,30/04/2016,2539,36,0,http://www.b3.com.br/pt_br/produtos-e-servicos/negociacao/renda-variavel/empresas-listadas.htm?codigo=4448
14524,COELBA,CEEB3,15.139.629/0001-94,29/03/2018,2224,301,15,http://www.b3.com.br/pt_br/produtos-e-servicos/negociacao/renda-variavel/empresas-listadas.htm?codigo=14524
14869,COELCE,COCE3,07.047.251/0001-70,26/06/2020,2138,195,121,http://www.b3.com.br/pt_br/produtos-e-servicos/negociacao/renda-variavel/empresas-listadas.htm?codigo=14869
17973,COGNA ON,COGN3,02.800.026/0001-40,11/02/2020,165446,2403,2403,http://www.b3.com.br/pt_br/produtos-e-servicos/negociacao/renda-variavel/empresas-listadas.htm?codigo=17973
15636,COMGAS,CGAS3,61.856.571/0001-17,25/04/2019,2366,102,91,http://www.b3.com.br/pt_br/produtos-e-servicos/negociacao/renda-variavel/empresas-listadas.htm?codigo=15636
22268,CONC RAPOSO,?,10.531.501/0001-58,26/11/2019,0,1,0,http://www.b3.com.br/pt_br/produtos-e-servicos/negociacao/renda-variavel/empresas-listadas.htm?codigo=22268
19208,CONC RIO TER,CRTE3B,00.938.574/0001-05,17/04/2020,0,7,1,http://www.b3.com.br/pt_br/produtos-e-servicos/negociacao/renda-variavel/empresas-listadas.htm?codigo=19208
17590,CONCEPA,?,01.654.604/0001-14,28/04/2017,1,1,0,http://www.b3.com.br/pt_br/produtos-e-servicos/negociacao/renda-variavel/empresas-listadas.htm?codigo=17590
4723,CONST A LIND,CALI3,61.022.042/0001-18,24/04/2020,234,10,0,http://www.b3.com.br/pt_br/produtos-e-servicos/negociacao/renda-variavel/empresas-listadas.htm?codigo=4723
19445,COPASA,CSMG3,17.281.106/0001-03,29/04/2020,13632,765,89,http://www.b3.com.br/pt_br/produtos-e-servicos/negociacao/renda-variavel/empresas-listadas.htm?codigo=19445
14311,COPEL,CPLE3,76.483.817/0001-20,28/04/2020,28295,1088,355,http://www.b3.com.br/pt_br/produtos-e-servicos/negociacao/renda-variavel/empresas-listadas.htm?codigo=14311
4863,COR RIBEIRO,CORR3,15.101.405/0001-93,25/04/2019,276,19,2,http://www.b3.com.br/pt_br/produtos-e-servicos/negociacao/renda-variavel/empresas-listadas.htm?codigo=4863
19836,COSAN,CSAN3,50.746.577/0001-15,22/01/2021,28962,1387,1257,http://www.b3.com.br/pt_br/produtos-e-servicos/negociacao/renda-variavel/empresas-listadas.htm?codigo=19836
23485,COSAN LOG,RLOG3,17.346.997/0001-39,29/07/2020,11947,236,2,http://www.b3.com.br/pt_br/produtos-e-servicos/negociacao/renda-variavel/empresas-listadas.htm?codigo=23485
18139,COSERN,CSRN3,08.324.196/0001-81,12/04/2019,5769,429,7,http://www.b3.com.br/pt_br/produtos-e-servicos/negociacao/renda-variavel/empresas-listadas.htm?codigo=18139
3158,COTEMINAS,CTNM3,22.677.520/0001-76,30/04/2020,2454,1501,2,http://www.b3.com.br/pt_br/produtos-e-servicos/negociacao/renda-variavel/empresas-listadas.htm?codigo=3158
18660,CPFL ENERGIA,CPFE3,02.429.144/0001-93,30/06/2020,20455,4806,837,http://www.b3.com.br/pt_br/produtos-e-servicos/negociacao/renda-variavel/empresas-listadas.htm?codigo=18660
18953,CPFL GERACAO,?,03.953.509/0001-47,31/12/2019,0,1,0,http://www.b3.com.br/pt_br/produtos-e-servicos/negociacao/renda-variavel/empresas-listadas.htm?codigo=18953
19275,CPFL PIRATIN,?,04.172.213/0001-51,29/04/2019,0,1,0,http://www.b3.com.br/pt_br/produtos-e-servicos/negociacao/renda-variavel/empresas-listadas.htm?codigo=19275
20540,CPFL RENOVAV,?,08.439.659/0001-50,07/07/2020,339,3,2,http://www.b3.com.br/pt_br/produtos-e-servicos/negociacao/renda-variavel/empresas-listadas.htm?codigo=20540
20630,CR2,CRDE3,07.820.907/0001-46,27/01/2021,319,5,31,http://www.b3.com.br/pt_br/produtos-e-servicos/negociacao/renda-variavel/empresas-listadas.htm?codigo=20630
20141,CREMER,?,82.641.325/0001-18,09/11/2018,168,7,0,http://www.b3.com.br/pt_br/produtos-e-servicos/negociacao/renda-variavel/empresas-listadas.htm?codigo=20141
11398,CRISTAL,CRPG3,15.115.504/0001-24,29/04/2020,4127,174,50,http://www.b3.com.br/pt_br/produtos-e-servicos/negociacao/renda-variavel/empresas-listadas.htm?codigo=11398
25526,CRUZEIRO EDU,CSED3,62.984.091/0001-02,09/02/2021,0,3,0,http://www.b3.com.br/pt_br/produtos-e-servicos/negociacao/renda-variavel/empresas-listadas.htm?codigo=25526
25585,CSNMINERACAO,CMIN3,08.902.291/0001-15,21/01/2021,0,4,0,http://www.b3.com.br/pt_br/produtos-e-servicos/negociacao/renda-variavel/empresas-listadas.htm?codigo=25585
20044,CSU CARDSYST,CARD3,01.896.779/0001-38,29/04/2020,16967,89,94,http://www.b3.com.br/pt_br/produtos-e-servicos/negociacao/renda-variavel/empresas-listadas.htm?codigo=20044
23981,CTC S.A.,CTCA3,06.981.381/0001-13,25/07/2019,0,89,1,http://www.b3.com.br/pt_br/produtos-e-servicos/negociacao/renda-variavel/empresas-listadas.htm?codigo=23981
21652,CTX PART,?,09.601.322/0001-60,14/12/2015,0,3,0,http://www.b3.com.br/pt_br/produtos-e-servicos/negociacao/renda-variavel/empresas-listadas.htm?codigo=21652
25100,CURY S/A,CURY3,08.797.760/0001-83,28/09/2020,1360,2,217,http://www.b3.com.br/pt_br/produtos-e-servicos/negociacao/renda-variavel/empresas-listadas.htm?codigo=25100
23310,CVC BRASIL,CVCB3,10.760.260/0001-19,04/05/2020,115589,700,495,http://www.b3.com.br/pt_br/produtos-e-servicos/negociacao/renda-variavel/empresas-listadas.htm?codigo=23310
21040,CYRE COM-CCP,CCPR3,08.801.621/0001-86,30/04/2020,8252,204,38,http://www.b3.com.br/pt_br/produtos-e-servicos/negociacao/renda-variavel/empresas-listadas.htm?codigo=21040
14460,CYRELA REALT,CYRE3,73.178.600/0001-18,26/04/2019,7535,490,409,http://www.b3.com.br/pt_br/produtos-e-servicos/negociacao/renda-variavel/empresas-listadas.htm?codigo=14460
5150,D H B,?,92.825.900/0001-96,28/06/2013,369,26,0,http://www.b3.com.br/pt_br/produtos-e-servicos/negociacao/renda-variavel/empresas-listadas.htm?codigo=5150
25046,D1000VFARMA,DMVF3,12.108.897/0001-50,15/07/2020,0,1,0,http://www.b3.com.br/pt_br/produtos-e-servicos/negociacao/renda-variavel/empresas-listadas.htm?codigo=25046
16950,DALETH PART,?,02.312.604/0001-07,30/04/2010,13,8,7,http://www.b3.com.br/pt_br/produtos-e-servicos/negociacao/renda-variavel/empresas-listadas.htm?codigo=16950
19623,DASA,DASA3,61.486.650/0001-83,28/04/2020,473,12,7,http://www.b3.com.br/pt_br/produtos-e-servicos/negociacao/renda-variavel/empresas-listadas.htm?codigo=19623
14214,DIBENS LSG,?,65.654.303/0001-73,30/04/2020,0,1,0,http://www.b3.com.br/pt_br/produtos-e-servicos/negociacao/renda-variavel/empresas-listadas.htm?codigo=14214
9342,DIMED,PNVL3,92.665.611/0001-77,29/07/2020,13293,242,45,http://www.b3.com.br/pt_br/produtos-e-servicos/negociacao/renda-variavel/empresas-listadas.htm?codigo=9342
20052,DINAMICA ENE,?,07.659.538/0001-51,27/04/2007,3,1,0,http://www.b3.com.br/pt_br/produtos-e-servicos/negociacao/renda-variavel/empresas-listadas.htm?codigo=20052
21350,DIRECIONAL,DIRR3,16.614.075/0001-00,25/05/2020,6637,95,235,http://www.b3.com.br/pt_br/produtos-e-servicos/negociacao/renda-variavel/empresas-listadas.htm?codigo=21350
3174,DOC IMBITUBA,?,84.208.123/0001-02,15/05/2012,718,23,21,http://www.b3.com.br/pt_br/produtos-e-servicos/negociacao/renda-variavel/empresas-listadas.htm?codigo=3174
3182,DOCAS,?,33.433.665/0001-48,30/04/2013,1564,105,15,http://www.b3.com.br/pt_br/produtos-e-servicos/negociacao/renda-variavel/empresas-listadas.htm?codigo=3182
5207,DOHLER,DOHL3,84.683.408/0001-03,24/07/2020,356,24,0,http://www.b3.com.br/pt_br/produtos-e-servicos/negociacao/renda-variavel/empresas-listadas.htm?codigo=5207
23493,DOMMO,DMMO3,08.926.302/0001-05,27/01/2021,52218,431,131,http://www.b3.com.br/pt_br/produtos-e-servicos/negociacao/renda-variavel/empresas-listadas.htm?codigo=23493
18597,DTCOM-DIRECT,DTCY3,03.303.999/0001-36,30/04/2020,243,6,12,http://www.b3.com.br/pt_br/produtos-e-servicos/negociacao/renda-variavel/empresas-listadas.htm?codigo=18597
80110,DUFRY AG,?,11.423.623/0001-93,03/05/2018,197,2,39,http://www.b3.com.br/pt_br/produtos-e-servicos/negociacao/renda-variavel/empresas-listadas.htm?codigo=80110
21091,DURATEX,DTEX3,97.837.181/0001-47,30/04/2020,19060,718,0,http://www.b3.com.br/pt_br/produtos-e-servicos/negociacao/renda-variavel/empresas-listadas.htm?codigo=21091
22047,DUXXI,?,10.382.341/0001-22,04/07/2014,14,1,0,http://www.b3.com.br/pt_br/produtos-e-servicos/negociacao/renda-variavel/empresas-listadas.htm?codigo=22047
16985,EBE,?,02.302.100/0001-06,30/04/2019,0,1,0,http://www.b3.com.br/pt_br/produtos-e-servicos/negociacao/renda-variavel/empresas-listadas.htm?codigo=16985
21741,ECO SEC AGRO,?,10.753.164/0001-43,06/05/2020,1,0,0,http://www.b3.com.br/pt_br/produtos-e-servicos/negociacao/renda-variavel/empresas-listadas.htm?codigo=21741
21903,ECON,?,08.873.873/0001-10,15/04/2020,0,1,0,http://www.b3.com.br/pt_br/produtos-e-servicos/negociacao/renda-variavel/empresas-listadas.htm?codigo=21903
19011,ECONORTE,?,02.222.736/0001-30,10/10/2018,0,1,0,http://www.b3.com.br/pt_br/produtos-e-servicos/negociacao/renda-variavel/empresas-listadas.htm?codigo=19011
22411,ECOPISTAS,?,10.841.050/0001-55,15/04/2020,0,1,0,http://www.b3.com.br/pt_br/produtos-e-servicos/negociacao/renda-variavel/empresas-listadas.htm?codigo=22411
19453,ECORODOVIAS,ECOR3,04.149.454/0001-80,16/04/2020,25884,139,429,http://www.b3.com.br/pt_br/produtos-e-servicos/negociacao/renda-variavel/empresas-listadas.htm?codigo=19453
20397,ECOVIAS,?,02.509.491/0001-26,15/04/2020,0,1,0,http://www.b3.com.br/pt_br/produtos-e-servicos/negociacao/renda-variavel/empresas-listadas.htm?codigo=20397
4359,ELEKEIROZ,?,13.788.120/0001-47,24/04/2019,2855,612,0,http://www.b3.com.br/pt_br/produtos-e-servicos/negociacao/renda-variavel/empresas-listadas.htm?codigo=4359
17485,ELEKTRO,EKTR3,02.328.280/0001-97,11/04/2019,920,7,14,http://www.b3.com.br/pt_br/produtos-e-servicos/negociacao/renda-variavel/empresas-listadas.htm?codigo=17485
2437,ELETROBRAS,ELET3,00.001.180/0001-26,02/09/2020,68453,9589,939,http://www.b3.com.br/pt_br/produtos-e-servicos/negociacao/renda-variavel/empresas-listadas.htm?codigo=2437
25569,ELETROMIDIA,ELMD3,09.347.516/0001-81,11/02/2021,8,3,0,http://www.b3.com.br/pt_br/produtos-e-servicos/negociacao/renda-variavel/empresas-listadas.htm?codigo=25569
16209,ELETRON,?,00.514.998/0001-42,08/12/2018,2,1,0,http://www.b3.com.br/pt_br/produtos-e-servicos/negociacao/renda-variavel/empresas-listadas.htm?codigo=16209
15784,ELETROPAR,LIPR3,01.104.937/0001-70,29/04/2020,28263,225,0,http://www.b3.com.br/pt_br/produtos-e-servicos/negociacao/renda-variavel/empresas-listadas.htm?codigo=15784
14176,ELETROPAULO,?,61.695.227/0001-93,05/12/2019,0,1,0,http://www.b3.com.br/pt_br/produtos-e-servicos/negociacao/renda-variavel/empresas-listadas.htm?codigo=14176
16993,EMAE,EMAE3,02.302.101/0001-42,23/04/2020,30339,413,10,http://www.b3.com.br/pt_br/produtos-e-servicos/negociacao/renda-variavel/empresas-listadas.htm?codigo=16993
20087,EMBRAER,EMBR3,07.689.002/0001-89,29/04/2020,67692,14965,211,http://www.b3.com.br/pt_br/produtos-e-servicos/negociacao/renda-variavel/empresas-listadas.htm?codigo=20087
22365,ENAUTA PART,ENAT3,11.669.021/0001-10,24/06/2020,30183,34,436,http://www.b3.com.br/pt_br/produtos-e-servicos/negociacao/renda-variavel/empresas-listadas.htm?codigo=22365
19763,ENERGIAS BR,ENBR3,03.983.431/0001-03,31/03/2020,237085,0,1572,http://www.b3.com.br/pt_br/produtos-e-servicos/negociacao/renda-variavel/empresas-listadas.htm?codigo=19763
15253,ENERGISA,ENGI11,00.864.214/0001-06,28/04/2020,9150,452,993,http://www.b3.com.br/pt_br/produtos-e-servicos/negociacao/renda-variavel/empresas-listadas.htm?codigo=15253
14605,ENERGISA MT,ENMT3,03.467.321/0001-99,28/04/2020,220,60,8,http://www.b3.com.br/pt_br/produtos-e-servicos/negociacao/renda-variavel/empresas-listadas.htm?codigo=14605
5576,ENERSUL,?,15.413.826/0001-50,29/04/2020,1,2,0,http://www.b3.com.br/pt_br/produtos-e-servicos/negociacao/renda-variavel/empresas-listadas.htm?codigo=5576
21237,ENEVA,ENEV3,04.423.567/0001-21,29/04/2020,30348,860,0,http://www.b3.com.br/pt_br/produtos-e-servicos/negociacao/renda-variavel/empresas-listadas.htm?codigo=21237
17329,ENGIE BRASIL,EGIE3,02.474.103/0001-19,28/04/2020,132642,7889,1212,http://www.b3.com.br/pt_br/produtos-e-servicos/negociacao/renda-variavel/empresas-listadas.htm?codigo=17329
25259,ENJOEI,ENJU3,16.922.038/0001-51,10/11/2020,1652,15,161,http://www.b3.com.br/pt_br/produtos-e-servicos/negociacao/renda-variavel/empresas-listadas.htm?codigo=25259
18309,EQTL PARA,EQPA3,04.895.728/0001-80,29/04/2019,1734,554,17,http://www.b3.com.br/pt_br/produtos-e-servicos/negociacao/renda-variavel/empresas-listadas.htm?codigo=18309
16608,EQTLMARANHAO,EQMA3B,06.272.793/0001-84,25/04/2018,1466,27,18,http://www.b3.com.br/pt_br/produtos-e-servicos/negociacao/renda-variavel/empresas-listadas.htm?codigo=16608
20010,EQUATORIAL,EQTL3,03.220.438/0001-73,06/12/2019,9886,1493,1453,http://www.b3.com.br/pt_br/produtos-e-servicos/negociacao/renda-variavel/empresas-listadas.htm?codigo=20010
15342,ESCELSA,?,28.152.650/0001-71,30/04/2020,0,1,0,http://www.b3.com.br/pt_br/produtos-e-servicos/negociacao/renda-variavel/empresas-listadas.htm?codigo=15342
25445,ESPACOLASER,ESPA3,26.659.061/0001-59,04/02/2021,74257820,168812946,168812946,http://www.b3.com.br/pt_br/produtos-e-servicos/negociacao/renda-variavel/empresas-listadas.htm?codigo=25445
8427,ESTRELA,ESTR3,61.082.004/0001-50,26/06/2020,1116,30,0,http://www.b3.com.br/pt_br/produtos-e-servicos/negociacao/renda-variavel/empresas-listadas.htm?codigo=8427
5762,ETERNIT,ETER3,61.092.037/0001-81,28/04/2020,16155,77,27,http://www.b3.com.br/pt_br/produtos-e-servicos/negociacao/renda-variavel/empresas-listadas.htm?codigo=5762
5770,EUCATEX,EUCA3,56.643.018/0001-66,30/04/2019,4312,23,113,http://www.b3.com.br/pt_br/produtos-e-servicos/negociacao/renda-variavel/empresas-listadas.htm?codigo=5770
20524,EVEN,EVEN3,43.470.988/0001-65,31/12/2019,13410,53,430,http://www.b3.com.br/pt_br/produtos-e-servicos/negociacao/renda-variavel/empresas-listadas.htm?codigo=20524
13412,EVORA,?,91.820.068/0001-72,18/04/2016,190,16,0,http://www.b3.com.br/pt_br/produtos-e-servicos/negociacao/renda-variavel/empresas-listadas.htm?codigo=13412
1570,EXCELSIOR,BAUH3,95.426.862/0001-97,30/04/2020,389,5,6,http://www.b3.com.br/pt_br/produtos-e-servicos/negociacao/renda-variavel/empresas-listadas.htm?codigo=1570
20770,EZTEC,EZTC3,08.312.229/0001-73,28/04/2020,46550,618,197,http://www.b3.com.br/pt_br/produtos-e-servicos/negociacao/renda-variavel/empresas-listadas.htm?codigo=20770
15369,FER C ATLANT,VSPT3,00.924.429/0001-75,27/04/2018,0,7,0,http://www.b3.com.br/pt_br/produtos-e-servicos/negociacao/renda-variavel/empresas-listadas.htm?codigo=15369
20621,FER HERINGER,FHER3,22.266.175/0001-88,26/04/2018,1829,51,0,http://www.b3.com.br/pt_br/produtos-e-servicos/negociacao/renda-variavel/empresas-listadas.htm?codigo=20621
3069,FERBASA,FESA3,15.141.799/0001-03,28/07/2020,20483,297,51,http://www.b3.com.br/pt_br/produtos-e-servicos/negociacao/renda-variavel/empresas-listadas.htm?codigo=3069
22977,FGENERGIA,?,12.489.315/0001-23,24/04/2020,0,2,0,http://www.b3.com.br/pt_br/produtos-e-servicos/negociacao/renda-variavel/empresas-listadas.htm?codigo=22977
6017,FIBAM,?,61.410.395/0001-95,,0,0,0,http://www.b3.com.br/pt_br/produtos-e-servicos/negociacao/renda-variavel/empresas-listadas.htm?codigo=6017
19542,FIBRA SEC,?,06.018.000/0001-03,29/04/2015,1,1,0,http://www.b3.com.br/pt_br/produtos-e-servicos/negociacao/renda-variavel/empresas-listadas.htm?codigo=19542
12793,FIBRIA,?,60.643.228/0001-21,14/01/2019,0,1,0,http://www.b3.com.br/pt_br/produtos-e-servicos/negociacao/renda-variavel/empresas-listadas.htm?codigo=12793
21881,FLEURY,FLRY3,60.840.055/0001-31,31/07/2020,209571,283,749,http://www.b3.com.br/pt_br/produtos-e-servicos/negociacao/renda-variavel/empresas-listadas.htm?codigo=21881
24350,FLEX S/A,FLEX3,10.851.805/0001-00,31/08/2017,0,1,1,http://www.b3.com.br/pt_br/produtos-e-servicos/negociacao/renda-variavel/empresas-listadas.htm?codigo=24350
25488,FOCUS ON,POWE3,26.735.020/0001-02,01/02/2021,11,0,0,http://www.b3.com.br/pt_br/produtos-e-servicos/negociacao/renda-variavel/empresas-listadas.htm?codigo=25488
23736,FORNODEMINAS,FOMS3,03.870.455/0005-80,28/04/2017,4,1,1,http://www.b3.com.br/pt_br/produtos-e-servicos/negociacao/renda-variavel/empresas-listadas.htm?codigo=23736
6211,FRAS-LE,FRAS3,88.610.126/0001-29,08/04/2020,13754,45,99,http://www.b3.com.br/pt_br/produtos-e-servicos/negociacao/renda-variavel/empresas-listadas.htm?codigo=6211
22853,FRIGOL FOODS,?,14.962.356/0001-10,28/03/2013,5,0,0,http://www.b3.com.br/pt_br/produtos-e-servicos/negociacao/renda-variavel/empresas-listadas.htm?codigo=22853
17388,FUTURETEL,?,02.465.783/0001-04,16/08/2012,2,4,0,http://www.b3.com.br/pt_br/produtos-e-servicos/negociacao/renda-variavel/empresas-listadas.htm?codigo=17388
16101,GAFISA,GFSA3,01.545.826/0001-07,30/04/2020,30600,174,100,http://www.b3.com.br/pt_br/produtos-e-servicos/negociacao/renda-variavel/empresas-listadas.htm?codigo=16101
22764,GAIA AGRO,?,14.876.090/0001-93,13/07/2016,1,1,0,http://www.b3.com.br/pt_br/produtos-e-servicos/negociacao/renda-variavel/empresas-listadas.htm?codigo=22764
20222,GAIA SECURIT,?,07.587.384/0001-30,30/04/2015,1,1,0,http://www.b3.com.br/pt_br/produtos-e-servicos/negociacao/renda-variavel/empresas-listadas.htm?codigo=20222
17965,GAMA PART,OPGM3B,02.796.775/0001-40,27/04/2015,0,2,1,http://www.b3.com.br/pt_br/produtos-e-servicos/negociacao/renda-variavel/empresas-listadas.htm?codigo=17965
21008,GENERALSHOPP,GSHP3,08.764.621/0001-53,30/04/2020,2867,8,25,http://www.b3.com.br/pt_br/produtos-e-servicos/negociacao/renda-variavel/empresas-listadas.htm?codigo=21008
18368,GER PARANAP,GEPA3,02.998.301/0001-81,03/07/2020,11227,234,21,http://www.b3.com.br/pt_br/produtos-e-servicos/negociacao/renda-variavel/empresas-listadas.htm?codigo=18368
3980,GERDAU,GGBR3,33.611.500/0001-19,10/12/2019,106294,3049,656,http://www.b3.com.br/pt_br/produtos-e-servicos/negociacao/renda-variavel/empresas-listadas.htm?codigo=3980
8656,GERDAU MET,GOAU3,92.690.783/0001-09,31/07/2020,97830,596,494,http://www.b3.com.br/pt_br/produtos-e-servicos/negociacao/renda-variavel/empresas-listadas.htm?codigo=8656
19569,GOL,GOLL4,06.164.253/0001-87,16/04/2020,116742,365,468,http://www.b3.com.br/pt_br/produtos-e-servicos/negociacao/renda-variavel/empresas-listadas.htm?codigo=19569
16632,GPC PART,GPCP3,02.193.750/0001-52,10/09/2020,2316,491,0,http://www.b3.com.br/pt_br/produtos-e-servicos/negociacao/renda-variavel/empresas-listadas.htm?codigo=16632
4537,GRAZZIOTIN,CGRA3,92.012.467/0001-70,21/07/2020,6719,130,0,http://www.b3.com.br/pt_br/produtos-e-servicos/negociacao/renda-variavel/empresas-listadas.htm?codigo=4537
19615,GRENDENE,GRND3,89.850.341/0001-60,06/07/2020,108217,410,124,http://www.b3.com.br/pt_br/produtos-e-servicos/negociacao/renda-variavel/empresas-listadas.htm?codigo=19615
23515,GRUAIRPORT,?,15.578.569/0001-06,07/12/2017,0,2,0,http://www.b3.com.br/pt_br/produtos-e-servicos/negociacao/renda-variavel/empresas-listadas.htm?codigo=23515
15695,GRUCAI,GRUC3,01.258.945/0001-70,20/06/2016,1,1,0,http://www.b3.com.br/pt_br/produtos-e-servicos/negociacao/renda-variavel/empresas-listadas.htm?codigo=15695
25186,GRUPO MATEUS,GMAT3,24.990.777/0001-09,12/11/2020,4,0,0,http://www.b3.com.br/pt_br/produtos-e-servicos/negociacao/renda-variavel/empresas-listadas.htm?codigo=25186
24783,GRUPO NATURA,NTCO3,32.785.497/0001-97,27/08/2020,43620,318,1468,http://www.b3.com.br/pt_br/produtos-e-servicos/negociacao/renda-variavel/empresas-listadas.htm?codigo=24783
25011,GRUPO SOMA,SOMA3,10.285.590/0001-08,20/10/2020,6004,22,226,http://www.b3.com.br/pt_br/produtos-e-servicos/negociacao/renda-variavel/empresas-listadas.htm?codigo=25011
4669,GUARARAPES,GUAR3,08.402.943/0001-52,29/04/2020,19780,504,0,http://www.b3.com.br/pt_br/produtos-e-servicos/negociacao/renda-variavel/empresas-listadas.htm?codigo=4669
3298,HABITASUL,HBTS3,87.762.563/0001-03,30/04/2017,3,1,0,http://www.b3.com.br/pt_br/produtos-e-servicos/negociacao/renda-variavel/empresas-listadas.htm?codigo=3298
13366,HAGA S/A,HAGA3,30.540.991/0001-66,15/06/2020,3096,23,0,http://www.b3.com.br/pt_br/produtos-e-servicos/negociacao/renda-variavel/empresas-listadas.htm?codigo=13366
24392,HAPVIDA,HAPV3,05.197.443/0001-38,19/11/2020,19562,269,1669,http://www.b3.com.br/pt_br/produtos-e-servicos/negociacao/renda-variavel/empresas-listadas.htm?codigo=24392
25402,HBR REALTY,HBRE3,14.785.152/0001-51,26/08/2020,1,2,0,http://www.b3.com.br/pt_br/produtos-e-servicos/negociacao/renda-variavel/empresas-listadas.htm?codigo=25402
20877,HELBOR,HBOR3,49.263.189/0001-02,30/06/2020,56723,396,38,http://www.b3.com.br/pt_br/produtos-e-servicos/negociacao/renda-variavel/empresas-listadas.htm?codigo=20877
6629,HERCULES,HETA3,92.749.225/0001-63,01/06/2020,660,40,1,http://www.b3.com.br/pt_br/produtos-e-servicos/negociacao/renda-variavel/empresas-listadas.htm?codigo=6629
22675,HIDROVIAS,HBSA3,12.648.327/0001-53,31/08/2020,0,0,11,http://www.b3.com.br/pt_br/produtos-e-servicos/negociacao/renda-variavel/empresas-listadas.htm?codigo=22675
6700,HOTEIS OTHON,HOOT3,33.200.049/0001-47,30/04/2020,776,60,16,http://www.b3.com.br/pt_br/produtos-e-servicos/negociacao/renda-variavel/empresas-listadas.htm?codigo=6700
21431,HYPERA,HYPE3,02.932.074/0001-91,15/05/2020,47067,790,763,http://www.b3.com.br/pt_br/produtos-e-servicos/negociacao/renda-variavel/empresas-listadas.htm?codigo=21431
6815,IGB S/A,IGBR3,43.185.362/0001-07,31/07/2020,1834,19,0,http://www.b3.com.br/pt_br/produtos-e-servicos/negociacao/renda-variavel/empresas-listadas.htm?codigo=6815
23175,IGUA SA,IGSN3,08.159.965/0001-33,18/09/2019,0,1,3,http://www.b3.com.br/pt_br/produtos-e-servicos/negociacao/renda-variavel/empresas-listadas.htm?codigo=23175
20494,IGUATEMI,IGTA3,51.218.147/0001-93,25/06/2020,39517,1044,0,http://www.b3.com.br/pt_br/produtos-e-servicos/negociacao/renda-variavel/empresas-listadas.htm?codigo=20494
24090,IHPARDINI,PARD3,19.378.769/0001-76,28/04/2020,5595,49,250,http://www.b3.com.br/pt_br/produtos-e-servicos/negociacao/renda-variavel/empresas-listadas.htm?codigo=24090
23574,IMC S/A,MEAL3,17.314.329/0001-20,06/08/2020,49856,196,241,http://www.b3.com.br/pt_br/produtos-e-servicos/negociacao/renda-variavel/empresas-listadas.htm?codigo=23574
19518,IMIGRANTES,?,05.918.309/0001-89,13/11/2014,0,1,0,http://www.b3.com.br/pt_br/produtos-e-servicos/negociacao/renda-variavel/empresas-listadas.htm?codigo=19518
3395,IND CATAGUAS,CATA3,19.526.748/0001-50,29/04/2018,169,5,0,http://www.b3.com.br/pt_br/produtos-e-servicos/negociacao/renda-variavel/empresas-listadas.htm?codigo=3395
7510,INDS ROMI,ROMI3,56.720.428/0001-63,27/11/2020,27042,97,184,http://www.b3.com.br/pt_br/produtos-e-servicos/negociacao/renda-variavel/empresas-listadas.htm?codigo=7510
20885,INDUSVAL,?,61.024.352/0001-71,14/01/2021,0,1,0,http://www.b3.com.br/pt_br/produtos-e-servicos/negociacao/renda-variavel/empresas-listadas.htm?codigo=20885
7595,INEPAR,INEP3,76.627.504/0001-06,,0,0,0,http://www.b3.com.br/pt_br/produtos-e-servicos/negociacao/renda-variavel/empresas-listadas.htm?codigo=7595
21750,INFRASEC,?,10.488.244/0001-19,11/01/2013,3,2,0,http://www.b3.com.br/pt_br/produtos-e-servicos/negociacao/renda-variavel/empresas-listadas.htm?codigo=21750
25453,INTELBRAS,INTB3,82.901.000/0001-27,08/01/2021,12,1,0,http://www.b3.com.br/pt_br/produtos-e-servicos/negociacao/renda-variavel/empresas-listadas.htm?codigo=25453
24279,INTER SA,INNT3,09.611.768/0001-76,09/06/2020,5,0,0,http://www.b3.com.br/pt_br/produtos-e-servicos/negociacao/renda-variavel/empresas-listadas.htm?codigo=24279
24384,INTERMEDICA,GNDI3,19.853.511/0001-84,25/03/2020,18417,1800,0,http://www.b3.com.br/pt_br/produtos-e-servicos/negociacao/renda-variavel/empresas-listadas.htm?codigo=24384
18775,INVEPAR,IVPR3B,03.758.318/0001-24,28/04/2020,0,1,3,http://www.b3.com.br/pt_br/produtos-e-servicos/negociacao/renda-variavel/empresas-listadas.htm?codigo=18775
6041,INVEST BEMGE,FIGE3,01.548.981/0001-79,30/04/2020,1254,124,2,http://www.b3.com.br/pt_br/produtos-e-servicos/negociacao/renda-variavel/empresas-listadas.htm?codigo=6041
18589,INVESTCO,?,00.644.907/0001-93,19/04/2017,13,32,0,http://www.b3.com.br/pt_br/produtos-e-servicos/negociacao/renda-variavel/empresas-listadas.htm?codigo=18589
11932,IOCHP-MAXION,MYPK3,61.156.113/0001-75,30/04/2020,47057,373,244,http://www.b3.com.br/pt_br/produtos-e-servicos/negociacao/renda-variavel/empresas-listadas.htm?codigo=11932
2429,IRANI,RANI3,92.791.243/0001-03,28/04/2020,2938,49,0,http://www.b3.com.br/pt_br/produtos-e-servicos/negociacao/renda-variavel/empresas-listadas.htm?codigo=2429
24180,IRBBRASIL RE,IRBR3,33.376.989/0001-91,31/07/2020,289488,1479,1164,http://www.b3.com.br/pt_br/produtos-e-servicos/negociacao/renda-variavel/empresas-listadas.htm?codigo=24180
20818,ISEC,?,08.769.451/0001-08,30/04/2016,2,0,0,http://www.b3.com.br/pt_br/produtos-e-servicos/negociacao/renda-variavel/empresas-listadas.htm?codigo=20818
15865,ITAITINGA,SQRM11,01.258.943/0001-81,06/07/2016,1,1,0,http://www.b3.com.br/pt_br/produtos-e-servicos/negociacao/renda-variavel/empresas-listadas.htm?codigo=15865
19364,ITAPEBI,?,02.397.080/0001-96,17/04/2020,0,2,0,http://www.b3.com.br/pt_br/produtos-e-servicos/negociacao/renda-variavel/empresas-listadas.htm?codigo=19364
7617,ITAUSA,ITSA3,61.532.644/0001-15,17/06/2020,713795,4065,0,http://www.b3.com.br/pt_br/produtos-e-servicos/negociacao/renda-variavel/empresas-listadas.htm?codigo=7617
19933,ITAUSEG,?,07.256.507/0001-50,30/04/2012,3,3,0,http://www.b3.com.br/pt_br/produtos-e-servicos/negociacao/renda-variavel/empresas-listadas.htm?codigo=19933
12530,ITAUTEC,?,54.526.082/0001-31,30/04/2019,4157,259,0,http://www.b3.com.br/pt_br/produtos-e-servicos/negociacao/renda-variavel/empresas-listadas.htm?codigo=12530
19348,ITAUUNIBANCO,ITUB3,60.872.504/0001-23,31/01/2021,462711,11268,1506,http://www.b3.com.br/pt_br/produtos-e-servicos/negociacao/renda-variavel/empresas-listadas.htm?codigo=19348
12319,J B DUARTE,JBDU3,60.637.238/0001-54,14/08/2020,2915,47,19,http://www.b3.com.br/pt_br/produtos-e-servicos/negociacao/renda-variavel/empresas-listadas.htm?codigo=12319
21156,J.MACEDO,?,14.998.371/0001-19,30/12/2019,30,6,0,http://www.b3.com.br/pt_br/produtos-e-servicos/negociacao/renda-variavel/empresas-listadas.htm?codigo=21156
25496,JALLESMACHAD,JALL3,02.635.522/0001-95,14/01/2021,10827,147,201,http://www.b3.com.br/pt_br/produtos-e-servicos/negociacao/renda-variavel/empresas-listadas.htm?codigo=25496
20575,JBS,JBSS3,02.916.265/0001-60,28/04/2020,98272,1903,990,http://www.b3.com.br/pt_br/produtos-e-servicos/negociacao/renda-variavel/empresas-listadas.htm?codigo=20575
8672,JEREISSATI,JPSA3,60.543.816/0001-93,08/07/2020,20197,184,119,http://www.b3.com.br/pt_br/produtos-e-servicos/negociacao/renda-variavel/empresas-listadas.htm?codigo=8672
20605,JHSF PART,JHSF3,08.294.224/0001-65,09/04/2020,85974,232,291,http://www.b3.com.br/pt_br/produtos-e-servicos/negociacao/renda-variavel/empresas-listadas.htm?codigo=20605
7811,JOAO FORTES,JFEN3,33.035.536/0001-00,28/04/2017,1348,30,2,http://www.b3.com.br/pt_br/produtos-e-servicos/negociacao/renda-variavel/empresas-listadas.htm?codigo=7811
13285,JOSAPAR,JOPA3,87.456.562/0001-22,31/07/2020,95,12,5,http://www.b3.com.br/pt_br/produtos-e-servicos/negociacao/renda-variavel/empresas-listadas.htm?codigo=13285
22020,JSL,JSLG3,52.548.435/0001-79,05/08/2020,0,1,0,http://www.b3.com.br/pt_br/produtos-e-servicos/negociacao/renda-variavel/empresas-listadas.htm?codigo=22020
4146,KARSTEN,CTKA3,82.640.558/0001-04,30/06/2020,1163,202,43,http://www.b3.com.br/pt_br/produtos-e-servicos/negociacao/renda-variavel/empresas-listadas.htm?codigo=4146
7870,KEPLER WEBER,KEPL3,91.983.056/0001-69,09/10/2020,4903,56,136,http://www.b3.com.br/pt_br/produtos-e-servicos/negociacao/renda-variavel/empresas-listadas.htm?codigo=7870
12653,KLABIN S/A,KLBN11,89.637.490/0001-45,31/07/2020,151816,1525,35,http://www.b3.com.br/pt_br/produtos-e-servicos/negociacao/renda-variavel/empresas-listadas.htm?codigo=12653
12262,LA FONTE TEL,LFFE3,53.790.218/0001-53,27/04/2017,659,18,2,http://www.b3.com.br/pt_br/produtos-e-servicos/negociacao/renda-variavel/empresas-listadas.htm?codigo=12262
80098,LAEP,?,08.904.552/0001-36,20/09/2011,12732,174,0,http://www.b3.com.br/pt_br/produtos-e-servicos/negociacao/renda-variavel/empresas-listadas.htm?codigo=80098
80128,LATAM AIRLN,?,33.937.681/0001-78,30/04/2016,1190,343,161,http://www.b3.com.br/pt_br/produtos-e-servicos/negociacao/renda-variavel/empresas-listadas.htm?codigo=80128
25062,LAVVI,LAVV3,26.462.693/0001-28,31/08/2020,28148713,93452280,93027659,http://www.b3.com.br/pt_br/produtos-e-servicos/negociacao/renda-variavel/empresas-listadas.htm?codigo=25062
21440,LE LIS BLANC,?,49.669.856/0001-43,13/04/2020,5017,126,0,http://www.b3.com.br/pt_br/produtos-e-servicos/negociacao/renda-variavel/empresas-listadas.htm?codigo=21440
23434,LIBRA T RIO,?,02.373.517/0001-51,12/12/2019,0,1,0,http://www.b3.com.br/pt_br/produtos-e-servicos/negociacao/renda-variavel/empresas-listadas.htm?codigo=23434
24872,LIFEMED,LMED3,02.357.251/0001-53,17/04/2020,0,5,0,http://www.b3.com.br/pt_br/produtos-e-servicos/negociacao/renda-variavel/empresas-listadas.htm?codigo=24872
16691,LIGAFUTEBOL,?,02.217.325/0001-56,30/04/2010,0,2,0,http://www.b3.com.br/pt_br/produtos-e-servicos/negociacao/renda-variavel/empresas-listadas.htm?codigo=16691
8036,LIGHT,?,60.444.437/0001-46,28/04/2020,0,1,0,http://www.b3.com.br/pt_br/produtos-e-servicos/negociacao/renda-variavel/empresas-listadas.htm?codigo=8036
19879,LIGHT S/A,LIGT3,03.378.521/0001-75,19/01/2021,26009,10263,971,http://www.b3.com.br/pt_br/produtos-e-servicos/negociacao/renda-variavel/empresas-listadas.htm?codigo=19879
23035,LINX,LINX3,06.948.969/0001-75,31/03/2020,11835,0,319,http://www.b3.com.br/pt_br/produtos-e-servicos/negociacao/renda-variavel/empresas-listadas.htm?codigo=23035
15091,LITEL,LTEL3B,00.743.065/0001-27,09/09/2019,0,3,3,http://www.b3.com.br/pt_br/produtos-e-servicos/negociacao/renda-variavel/empresas-listadas.htm?codigo=15091
24759,LITELA,LTLA3B,05.495.546/0001-84,09/09/2019,0,3,3,http://www.b3.com.br/pt_br/produtos-e-servicos/negociacao/renda-variavel/empresas-listadas.htm?codigo=24759
4774,LIX DA CUNHA,?,46.014.635/0001-49,29/04/2016,365,23,9,http://www.b3.com.br/pt_br/produtos-e-servicos/negociacao/renda-variavel/empresas-listadas.htm?codigo=4774
19739,LOCALIZA,RENT3,16.670.085/0001-55,12/11/2020,35748,1253,924,http://www.b3.com.br/pt_br/produtos-e-servicos/negociacao/renda-variavel/empresas-listadas.htm?codigo=19739
22691,LOCAMERICA,LCAM3,10.215.988/0001-60,24/06/2020,32189,952,509,http://www.b3.com.br/pt_br/produtos-e-servicos/negociacao/renda-variavel/empresas-listadas.htm?codigo=22691
24910,LOCAWEB,LWSA3,02.351.877/0001-52,10/02/2021,37178,600,604,http://www.b3.com.br/pt_br/produtos-e-servicos/negociacao/renda-variavel/empresas-listadas.htm?codigo=24910
23272,LOG COM PROP,LOGG3,09.041.168/0001-10,16/04/2020,22051,272,223,http://www.b3.com.br/pt_br/produtos-e-servicos/negociacao/renda-variavel/empresas-listadas.htm?codigo=23272
20710,LOG-IN,LOGN3,42.278.291/0001-24,04/09/2020,19558,421,151,http://www.b3.com.br/pt_br/produtos-e-servicos/negociacao/renda-variavel/empresas-listadas.htm?codigo=20710
8087,LOJAS AMERIC,LAME3,33.014.556/0001-96,30/04/2020,29464,1045,677,http://www.b3.com.br/pt_br/produtos-e-servicos/negociacao/renda-variavel/empresas-listadas.htm?codigo=8087
8117,LOJAS HERING,?,82.640.632/0001-84,26/04/2018,118,11,0,http://www.b3.com.br/pt_br/produtos-e-servicos/negociacao/renda-variavel/empresas-listadas.htm?codigo=8117
22055,LOJAS MARISA,AMAR3,61.189.288/0001-89,30/06/2020,33874,96,239,http://www.b3.com.br/pt_br/produtos-e-servicos/negociacao/renda-variavel/empresas-listadas.htm?codigo=22055
8133,LOJAS RENNER,LREN3,92.754.738/0001-62,29/04/2020,81453,684,2030,http://www.b3.com.br/pt_br/produtos-e-servicos/negociacao/renda-variavel/empresas-listadas.htm?codigo=8133
17434,LONGDIS,?,02.338.534/0001-58,03/05/2012,6,3,2,http://www.b3.com.br/pt_br/produtos-e-servicos/negociacao/renda-variavel/empresas-listadas.htm?codigo=17434
20370,LOPES BRASIL,LPSB3,08.078.847/0001-09,19/08/2020,28379,226,57,http://www.b3.com.br/pt_br/produtos-e-servicos/negociacao/renda-variavel/empresas-listadas.htm?codigo=20370
20060,LUPATECH,LUPA3,89.463.822/0001-12,05/01/2021,7858,70,26,http://www.b3.com.br/pt_br/produtos-e-servicos/negociacao/renda-variavel/empresas-listadas.htm?codigo=20060
20338,M.DIASBRANCO,MDIA3,07.206.816/0001-15,06/05/2020,62395,150,519,http://www.b3.com.br/pt_br/produtos-e-servicos/negociacao/renda-variavel/empresas-listadas.htm?codigo=20338
23612,MAESTROLOC,MSRO3,08.795.211/0001-70,29/04/2015,3,1,3,http://www.b3.com.br/pt_br/produtos-e-servicos/negociacao/renda-variavel/empresas-listadas.htm?codigo=23612
22470,MAGAZ LUIZA,MGLU3,47.960.950/0001-21,07/10/2020,388643,1671,913,http://www.b3.com.br/pt_br/produtos-e-servicos/negociacao/renda-variavel/empresas-listadas.htm?codigo=22470
20842,MAGNESITA SA,?,08.684.547/0001-65,06/08/2018,3924,681,175,http://www.b3.com.br/pt_br/produtos-e-servicos/negociacao/renda-variavel/empresas-listadas.htm?codigo=20842
8397,MANGELS INDL,MGEL3,61.065.298/0001-02,16/07/2020,1071,14,11,http://www.b3.com.br/pt_br/produtos-e-servicos/negociacao/renda-variavel/empresas-listadas.htm?codigo=8397
8451,MARCOPOLO,POMO3,88.611.835/0001-29,31/03/2020,85079,521,190,http://www.b3.com.br/pt_br/produtos-e-servicos/negociacao/renda-variavel/empresas-listadas.htm?codigo=8451
20788,MARFRIG,MRFG3,03.853.896/0001-40,17/12/2019,26550,108,412,http://www.b3.com.br/pt_br/produtos-e-servicos/negociacao/renda-variavel/empresas-listadas.htm?codigo=20788
3654,MELHOR SP,MSPA3,60.730.348/0001-66,22/06/2020,261,19,3,http://www.b3.com.br/pt_br/produtos-e-servicos/negociacao/renda-variavel/empresas-listadas.htm?codigo=3654
25232,MELIUZ,CASH3,14.110.585/0001-07,05/10/2020,3,1,0,http://www.b3.com.br/pt_br/produtos-e-servicos/negociacao/renda-variavel/empresas-listadas.htm?codigo=25232
25119,MELNICK,MELK3,12.181.987/0001-77,31/08/2020,0,2,0,http://www.b3.com.br/pt_br/produtos-e-servicos/negociacao/renda-variavel/empresas-listadas.htm?codigo=25119
4782,MENDES JR,?,17.162.082/0001-73,30/04/2019,3531,41,21,http://www.b3.com.br/pt_br/produtos-e-servicos/negociacao/renda-variavel/empresas-listadas.htm?codigo=4782
18538,MENEZES CORT,MNZC3B,02.664.042/0001-52,16/04/2013,0,2,0,http://www.b3.com.br/pt_br/produtos-e-servicos/negociacao/renda-variavel/empresas-listadas.htm?codigo=18538
1325,MERC BRASIL,BMEB3,17.184.037/0001-10,31/01/2020,7078,725,22,http://www.b3.com.br/pt_br/produtos-e-servicos/negociacao/renda-variavel/empresas-listadas.htm?codigo=1325
8540,MERC FINANC,MERC3,33.040.601/0001-87,31/12/2019,782,110,1,http://www.b3.com.br/pt_br/produtos-e-servicos/negociacao/renda-variavel/empresas-listadas.htm?codigo=8540
1309,MERC INVEST,BMIN3,34.169.557/0001-72,31/01/2020,1930,353,1,http://www.b3.com.br/pt_br/produtos-e-servicos/negociacao/renda-variavel/empresas-listadas.htm?codigo=1309
8648,MET DUQUE,DUQE3,84.683.762/0001-20,30/04/2012,311,12,0,http://www.b3.com.br/pt_br/produtos-e-servicos/negociacao/renda-variavel/empresas-listadas.htm?codigo=8648
8605,METAL IGUACU,MTIG3,80.227.184/0001-66,29/04/2020,1130,19,0,http://www.b3.com.br/pt_br/produtos-e-servicos/negociacao/renda-variavel/empresas-listadas.htm?codigo=8605
8575,METAL LEVE,LEVE3,60.476.884/0001-87,29/05/2020,66425,306,120,http://www.b3.com.br/pt_br/produtos-e-servicos/negociacao/renda-variavel/empresas-listadas.htm?codigo=8575
20613,METALFRIO,FRIO3,04.821.041/0001-08,15/06/2020,349,12,1,http://www.b3.com.br/pt_br/produtos-e-servicos/negociacao/renda-variavel/empresas-listadas.htm?codigo=20613
8753,METISA,MTSA3,86.375.425/0001-09,24/04/2020,6,2,0,http://www.b3.com.br/pt_br/produtos-e-servicos/negociacao/renda-variavel/empresas-listadas.htm?codigo=8753
22942,MGI PARTICIP,?,19.296.342/0001-29,11/09/2019,0,3,0,http://www.b3.com.br/pt_br/produtos-e-servicos/negociacao/renda-variavel/empresas-listadas.htm?codigo=22942
22012,MILLS,MILS3,27.093.558/0001-15,29/04/2020,1000,102,154,http://www.b3.com.br/pt_br/produtos-e-servicos/negociacao/renda-variavel/empresas-listadas.htm?codigo=22012
8818,MINASMAQUINA,MMAQ3,17.161.241/0001-15,27/04/2020,983,173,0,http://www.b3.com.br/pt_br/produtos-e-servicos/negociacao/renda-variavel/empresas-listadas.htm?codigo=8818
20931,MINERVA,BEEF3,67.620.377/0001-14,20/03/2020,33870,284,552,http://www.b3.com.br/pt_br/produtos-e-servicos/negociacao/renda-variavel/empresas-listadas.htm?codigo=20931
13765,MINUPAR,MNPR3,90.076.886/0001-40,29/04/2020,1375,54,0,http://www.b3.com.br/pt_br/produtos-e-servicos/negociacao/renda-variavel/empresas-listadas.htm?codigo=13765
24902,MITRE REALTY,MTRE3,07.882.930/0001-65,30/04/2020,6666,76,151,http://www.b3.com.br/pt_br/produtos-e-servicos/negociacao/renda-variavel/empresas-listadas.htm?codigo=24902
17914,MMX MINER,MMXM3,02.762.115/0001-49,29/04/2016,12244,149,63,http://www.b3.com.br/pt_br/produtos-e-servicos/negociacao/renda-variavel/empresas-listadas.htm?codigo=17914
25461,MOBLY,MBLY3,31.553.627/0001-01,23/02/2021,4938,41,132,http://www.b3.com.br/pt_br/produtos-e-servicos/negociacao/renda-variavel/empresas-listadas.htm?codigo=25461
8893,MONT ARANHA,MOAR3,33.102.476/0001-92,03/07/2020,312,9,4,http://www.b3.com.br/pt_br/produtos-e-servicos/negociacao/renda-variavel/empresas-listadas.htm?codigo=8893
25470,MOSAICO,MOSI3,09.083.175/0001-84,12/01/2021,13,1,0,http://www.b3.com.br/pt_br/produtos-e-servicos/negociacao/renda-variavel/empresas-listadas.htm?codigo=25470
21067,MOURA DUBEUX,MDNE3,12.049.631/0001-84,30/04/2020,3892,174,0,http://www.b3.com.br/pt_br/produtos-e-servicos/negociacao/renda-variavel/empresas-listadas.htm?codigo=21067
23825,MOVIDA,MOVI3,21.314.559/0001-66,30/04/2020,73096,983,462,http://www.b3.com.br/pt_br/produtos-e-servicos/negociacao/renda-variavel/empresas-listadas.htm?codigo=23825
17949,MRS LOGIST,MRSA3B,01.417.222/0001-77,17/06/2020,450,15,0,http://www.b3.com.br/pt_br/produtos-e-servicos/negociacao/renda-variavel/empresas-listadas.htm?codigo=17949
20915,MRV,MRVE3,08.343.492/0001-20,16/04/2020,43772,1004,838,http://www.b3.com.br/pt_br/produtos-e-servicos/negociacao/renda-variavel/empresas-listadas.htm?codigo=20915
20982,MULTIPLAN,MULT3,07.816.890/0001-53,30/04/2020,10672,1230,0,http://www.b3.com.br/pt_br/produtos-e-servicos/negociacao/renda-variavel/empresas-listadas.htm?codigo=20982
21946,MULTIPLUS,?,11.094.546/0001-75,27/04/2018,9447,50,447,http://www.b3.com.br/pt_br/produtos-e-servicos/negociacao/renda-variavel/empresas-listadas.htm?codigo=21946
5312,MUNDIAL,MNDL3,88.610.191/0001-54,01/06/2020,3076,145,13,http://www.b3.com.br/pt_br/produtos-e-servicos/negociacao/renda-variavel/empresas-listadas.htm?codigo=5312
9040,NADIR FIGUEI,?,61.067.161/0001-97,30/08/2019,363,56,3,http://www.b3.com.br/pt_br/produtos-e-servicos/negociacao/renda-variavel/empresas-listadas.htm?codigo=9040
19550,NATURA,?,71.673.990/0001-77,26/06/2020,0,1,0,http://www.b3.com.br/pt_br/produtos-e-servicos/negociacao/renda-variavel/empresas-listadas.htm?codigo=19550
15539,NEOENERGIA,NEOE3,01.083.200/0001-18,20/04/2020,25665,689,548,http://www.b3.com.br/pt_br/produtos-e-servicos/negociacao/renda-variavel/empresas-listadas.htm?codigo=15539
25399,NEOGRID,NGRD3,10.139.870/0001-08,19/10/2020,18,1,0,http://www.b3.com.br/pt_br/produtos-e-servicos/negociacao/renda-variavel/empresas-listadas.htm?codigo=25399
17540,NEWTEL PART,?,02.604.997/0001-14,26/12/2014,8,6,5,http://www.b3.com.br/pt_br/produtos-e-servicos/negociacao/renda-variavel/empresas-listadas.htm?codigo=17540
22640,NISA PART,?,14.200.537/0001-00,15/12/2014,0,1,0,http://www.b3.com.br/pt_br/produtos-e-servicos/negociacao/renda-variavel/empresas-listadas.htm?codigo=22640
22659,NOAH PART,?,14.200.699/0001-48,03/06/2016,1,1,0,http://www.b3.com.br/pt_br/produtos-e-servicos/negociacao/renda-variavel/empresas-listadas.htm?codigo=22659
1228,NORD BRASIL,BNBR3,07.237.373/0001-20,30/04/2020,8623,1105,13,http://www.b3.com.br/pt_br/produtos-e-servicos/negociacao/renda-variavel/empresas-listadas.htm?codigo=1228
9083,NORDON MET,NORD3,60.884.319/0001-59,27/04/2017,333,10,0,http://www.b3.com.br/pt_br/produtos-e-servicos/negociacao/renda-variavel/empresas-listadas.htm?codigo=9083
24503,NOROESTE,?,24.170.211/0001-30,18/07/2018,0,1,0,http://www.b3.com.br/pt_br/produtos-e-servicos/negociacao/renda-variavel/empresas-listadas.htm?codigo=24503
22985,NORTCQUIMICA,NRTQ3,29.950.060/0001-57,28/04/2020,3,1,0,http://www.b3.com.br/pt_br/produtos-e-servicos/negociacao/renda-variavel/empresas-listadas.htm?codigo=22985
19224,NOVA ACAO PA,?,04.634.250/0001-34,29/04/2016,1,1,0,http://www.b3.com.br/pt_br/produtos-e-servicos/negociacao/renda-variavel/empresas-listadas.htm?codigo=19224
21105,NOVA SECURIT,?,08.903.116/0001-42,21/01/2016,2,0,0,http://www.b3.com.br/pt_br/produtos-e-servicos/negociacao/renda-variavel/empresas-listadas.htm?codigo=21105
19577,NOVADUTRA,?,00.861.626/0001-92,11/04/2017,0,2,0,http://www.b3.com.br/pt_br/produtos-e-servicos/negociacao/renda-variavel/empresas-listadas.htm?codigo=19577
21334,NUTRIPLANT,?,51.128.999/0001-90,30/04/2020,186,5,1,http://www.b3.com.br/pt_br/produtos-e-servicos/negociacao/renda-variavel/empresas-listadas.htm?codigo=21334
25534,OCEANPACT,OPCT3,09.114.805/0001-30,19/01/2021,28,0,1,http://www.b3.com.br/pt_br/produtos-e-servicos/negociacao/renda-variavel/empresas-listadas.htm?codigo=25534
22390,OCTANTE SEC,?,12.139.922/0001-63,30/04/2020,1,1,0,http://www.b3.com.br/pt_br/produtos-e-servicos/negociacao/renda-variavel/empresas-listadas.htm?codigo=22390
4693,ODERICH,ODER3,97.191.902/0001-94,30/04/2019,429,10,0,http://www.b3.com.br/pt_br/produtos-e-servicos/negociacao/renda-variavel/empresas-listadas.htm?codigo=4693
20125,ODONTOPREV,ODPV3,58.119.199/0001-51,28/04/2020,38651,472,347,http://www.b3.com.br/pt_br/produtos-e-servicos/negociacao/renda-variavel/empresas-listadas.htm?codigo=20125
20168,OGX PETROLEO,?,07.957.093/0001-96,30/04/2018,51900,2040,0,http://www.b3.com.br/pt_br/produtos-e-servicos/negociacao/renda-variavel/empresas-listadas.htm?codigo=20168
11312,OI,OIBR3,76.535.764/0001-43,16/10/2020,1329833,213258,1313,http://www.b3.com.br/pt_br/produtos-e-servicos/negociacao/renda-variavel/empresas-listadas.htm?codigo=11312
23426,OMEGA GER,OMGE3,09.149.503/0001-06,09/11/2020,6332,86,663,http://www.b3.com.br/pt_br/produtos-e-servicos/negociacao/renda-variavel/empresas-listadas.htm?codigo=23426
16942,OPPORT ENERG,OPHE3B,02.318.346/0001-68,12/08/2019,0,1,1,http://www.b3.com.br/pt_br/produtos-e-servicos/negociacao/renda-variavel/empresas-listadas.htm?codigo=16942
25550,ORIZON,ORVR3,11.421.994/0001-36,20/08/2020,7,3,1,http://www.b3.com.br/pt_br/produtos-e-servicos/negociacao/renda-variavel/empresas-listadas.htm?codigo=25550
21342,OSX BRASIL,OSXB3,09.112.685/0001-32,09/05/2016,2803,28,32,http://www.b3.com.br/pt_br/produtos-e-servicos/negociacao/renda-variavel/empresas-listadas.htm?codigo=21342
22250,OURINVESTSEC,?,12.320.349/0001-90,30/07/2018,1,1,0,http://www.b3.com.br/pt_br/produtos-e-servicos/negociacao/renda-variavel/empresas-listadas.htm?codigo=22250
23280,OURO VERDE,?,75.609.123/0001-23,08/07/2019,0,1,1,http://www.b3.com.br/pt_br/produtos-e-servicos/negociacao/renda-variavel/empresas-listadas.htm?codigo=23280
23507,OUROFINO S/A,OFSA3,20.258.278/0001-70,29/03/2019,3331,111,10,http://www.b3.com.br/pt_br/produtos-e-servicos/negociacao/renda-variavel/empresas-listadas.htm?codigo=23507
14826,P.ACUCAR-CBD,PCAR3,47.508.411/0001-56,31/12/2020,22372,252,1192,http://www.b3.com.br/pt_br/produtos-e-servicos/negociacao/renda-variavel/empresas-listadas.htm?codigo=14826
24163,PACIFIC RDSL,PACF3,21.728.500/0001-14,24/05/2018,0,2,0,http://www.b3.com.br/pt_br/produtos-e-servicos/negociacao/renda-variavel/empresas-listadas.htm?codigo=24163
18414,PADTEC,PDTC3,02.365.069/0001-44,10/07/2020,4028,25,29,http://www.b3.com.br/pt_br/produtos-e-servicos/negociacao/renda-variavel/empresas-listadas.htm?codigo=18414
22608,PAGUE MENOS,PGMN3,06.626.253/0001-51,30/09/2020,28630,87,72,http://www.b3.com.br/pt_br/produtos-e-servicos/negociacao/renda-variavel/empresas-listadas.htm?codigo=22608
94,PANATLANTICA,PATI3,92.693.019/0001-89,25/11/2019,610,92,8,http://www.b3.com.br/pt_br/produtos-e-servicos/negociacao/renda-variavel/empresas-listadas.htm?codigo=94
18708,PAR AL BAHIA,PEAB3,01.938.783/0001-11,28/04/2020,997,29,3,http://www.b3.com.br/pt_br/produtos-e-servicos/negociacao/renda-variavel/empresas-listadas.htm?codigo=18708
20729,PARANA,?,14.388.334/0001-99,17/07/2020,19,1,0,http://www.b3.com.br/pt_br/produtos-e-servicos/negociacao/renda-variavel/empresas-listadas.htm?codigo=20729
9393,PARANAPANEMA,PMAM3,60.398.369/0004-79,23/04/2020,23053,205,37,http://www.b3.com.br/pt_br/produtos-e-servicos/negociacao/renda-variavel/empresas-listadas.htm?codigo=9393
14680,PARCOM PART,?,00.185.475/0001-08,29/09/2015,0,1,0,http://www.b3.com.br/pt_br/produtos-e-servicos/negociacao/renda-variavel/empresas-listadas.htm?codigo=14680
80063,PATAGONIA,?,08.884.213/0001-35,25/04/2019,2043,65,2,http://www.b3.com.br/pt_br/produtos-e-servicos/negociacao/renda-variavel/empresas-listadas.htm?codigo=80063
18236,PATRIA SEC,?,02.736.470/0001-43,12/05/2015,3,1,0,http://www.b3.com.br/pt_br/produtos-e-servicos/negociacao/renda-variavel/empresas-listadas.htm?codigo=18236
3824,PAUL F LUZ,?,33.050.196/0001-88,29/04/2019,0,1,0,http://www.b3.com.br/pt_br/produtos-e-servicos/negociacao/renda-variavel/empresas-listadas.htm?codigo=3824
20478,PDG REALT,PDGR3,02.950.811/0001-89,10/05/2019,8746,149,19,http://www.b3.com.br/pt_br/produtos-e-servicos/negociacao/renda-variavel/empresas-listadas.htm?codigo=20478
21644,PDG SECURIT,?,09.538.973/0001-53,01/09/2011,0,2,0,http://www.b3.com.br/pt_br/produtos-e-servicos/negociacao/renda-variavel/empresas-listadas.htm?codigo=21644
9989,PET MANGUINH,RPMG3,33.412.081/0001-96,31/07/2020,3488,23,8,http://www.b3.com.br/pt_br/produtos-e-servicos/negociacao/renda-variavel/empresas-listadas.htm?codigo=9989
9512,PETROBRAS,PETR3,33.000.167/0001-01,22/07/2020,760785,7212,2712,http://www.b3.com.br/pt_br/produtos-e-servicos/negociacao/renda-variavel/empresas-listadas.htm?codigo=9512
24295,PETROBRAS BR,BRDT3,34.274.233/0001-02,28/07/2020,54944,350,1543,http://www.b3.com.br/pt_br/produtos-e-servicos/negociacao/renda-variavel/empresas-listadas.htm?codigo=24295
22187,PETRORIO,PRIO3,10.629.105/0001-68,04/12/2020,50944,359,417,http://www.b3.com.br/pt_br/produtos-e-servicos/negociacao/renda-variavel/empresas-listadas.htm?codigo=22187
9539,PETTENATI,PTNT3,88.613.658/0001-10,30/10/2019,1286,56,0,http://www.b3.com.br/pt_br/produtos-e-servicos/negociacao/renda-variavel/empresas-listadas.htm?codigo=9539
25089,PETZ,PETZ3,18.328.118/0001-09,18/08/2020,1,1,1,http://www.b3.com.br/pt_br/produtos-e-servicos/negociacao/renda-variavel/empresas-listadas.htm?codigo=25089
20567,PINE,PINE3,62.144.175/0001-20,30/09/2020,18283,75,28,http://www.b3.com.br/pt_br/produtos-e-servicos/negociacao/renda-variavel/empresas-listadas.htm?codigo=20567
25070,PLANOEPLANO,PLPL3,24.230.275/0001-80,17/09/2020,3031,99,0,http://www.b3.com.br/pt_br/produtos-e-servicos/negociacao/renda-variavel/empresas-listadas.htm?codigo=25070
13471,PLASCAR PART,PLAS3,51.928.174/0001-50,30/04/2020,1164,19,0,http://www.b3.com.br/pt_br/produtos-e-servicos/negociacao/renda-variavel/empresas-listadas.htm?codigo=13471
22160,POLO CAP SEC,?,12.261.588/0001-16,31/05/2010,3,0,0,http://www.b3.com.br/pt_br/produtos-e-servicos/negociacao/renda-variavel/empresas-listadas.htm?codigo=22160
13447,POLPAR,PPAR3,59.789.545/0001-71,28/04/2020,5,2,0,http://www.b3.com.br/pt_br/produtos-e-servicos/negociacao/renda-variavel/empresas-listadas.htm?codigo=13447
19658,POMIFRUTAS,FRTA3,86.550.951/0001-50,30/04/2019,1426,13,0,http://www.b3.com.br/pt_br/produtos-e-servicos/negociacao/renda-variavel/empresas-listadas.htm?codigo=19658
21865,PORCAO,?,10.826.798/0001-89,16/12/2013,0,4,0,http://www.b3.com.br/pt_br/produtos-e-servicos/negociacao/renda-variavel/empresas-listadas.htm?codigo=21865
16659,PORTO SEGURO,PSSA3,02.149.205/0001-69,31/03/2020,32713,107,841,http://www.b3.com.br/pt_br/produtos-e-servicos/negociacao/renda-variavel/empresas-listadas.htm?codigo=16659
23523,PORTO VM,?,18.494.485/0001-82,29/04/2019,0,1,0,http://www.b3.com.br/pt_br/produtos-e-servicos/negociacao/renda-variavel/empresas-listadas.htm?codigo=23523
13773,PORTOBELLO,PTBL3,83.475.913/0001-91,30/06/2020,31406,180,83,http://www.b3.com.br/pt_br/produtos-e-servicos/negociacao/renda-variavel/empresas-listadas.htm?codigo=13773
20362,POSITIVO TEC,POSI3,81.243.735/0001-48,01/06/2020,39701,251,96,http://www.b3.com.br/pt_br/produtos-e-servicos/negociacao/renda-variavel/empresas-listadas.htm?codigo=20362
80152,PPLA,PPLA11,15.073.274/0001-88,18/03/2020,0,0,8,http://www.b3.com.br/pt_br/produtos-e-servicos/negociacao/renda-variavel/empresas-listadas.htm?codigo=80152
15377,PQ HOPI HARI,?,00.924.432/0001-99,16/11/2011,0,1,0,http://www.b3.com.br/pt_br/produtos-e-servicos/negociacao/renda-variavel/empresas-listadas.htm?codigo=15377
24546,PRATICA,PTCA11,08.574.411/0001-00,30/04/2020,0,2,0,http://www.b3.com.br/pt_br/produtos-e-servicos/negociacao/renda-variavel/empresas-listadas.htm?codigo=24546
23728,PRATICA,?,10.747.021/0001-29,28/04/2017,0,3,0,http://www.b3.com.br/pt_br/produtos-e-servicos/negociacao/renda-variavel/empresas-listadas.htm?codigo=23728
24236,PRINER,PRNR3,18.593.815/0001-97,30/04/2020,17957,247,52,http://www.b3.com.br/pt_br/produtos-e-servicos/negociacao/renda-variavel/empresas-listadas.htm?codigo=24236
20346,PROFARMA,PFRM3,45.453.214/0001-51,22/04/2020,15609,61,96,http://www.b3.com.br/pt_br/produtos-e-servicos/negociacao/renda-variavel/empresas-listadas.htm?codigo=20346
19232,PROMAN,PRMN3B,02.291.077/0001-93,30/04/2019,0,1,5,http://www.b3.com.br/pt_br/produtos-e-servicos/negociacao/renda-variavel/empresas-listadas.htm?codigo=19232
18333,PROMPT PART,PRPT3B,02.992.449/0001-09,31/10/2019,0,1,2,http://www.b3.com.br/pt_br/produtos-e-servicos/negociacao/renda-variavel/empresas-listadas.htm?codigo=18333
21482,PRUMO,PRML3,08.741.499/0001-08,28/04/2017,5185,50,130,http://www.b3.com.br/pt_br/produtos-e-servicos/negociacao/renda-variavel/empresas-listadas.htm?codigo=21482
22497,QUALICORP,QUAL3,11.992.680/0001-93,21/12/2020,48282,708,361,http://www.b3.com.br/pt_br/produtos-e-servicos/negociacao/renda-variavel/empresas-listadas.htm?codigo=22497
23302,QUALITY SOFT,QUSW3,35.791.391/0001-94,30/04/2020,6,1,1,http://www.b3.com.br/pt_br/produtos-e-servicos/negociacao/renda-variavel/empresas-listadas.htm?codigo=23302
25038,QUERO-QUERO,LJQQ3,96.418.264/0218-02,28/01/2021,15923,125,349,http://www.b3.com.br/pt_br/produtos-e-servicos/negociacao/renda-variavel/empresas-listadas.htm?codigo=25038
5258,RAIADROGASIL,RADL3,61.585.865/0001-51,23/09/2020,42777,1756,0,http://www.b3.com.br/pt_br/produtos-e-servicos/negociacao/renda-variavel/empresas-listadas.htm?codigo=5258
23230,RAIZEN ENERG,?,08.070.508/0001-78,22/07/2020,0,3,0,http://www.b3.com.br/pt_br/produtos-e-servicos/negociacao/renda-variavel/empresas-listadas.htm?codigo=23230
14109,RANDON PART,RAPT3,89.086.144/0001-16,30/04/2019,14084,213,529,http://www.b3.com.br/pt_br/produtos-e-servicos/negociacao/renda-variavel/empresas-listadas.htm?codigo=14109
18406,RBCAPITALRES,?,02.773.542/0001-22,27/05/2019,0,2,0,http://www.b3.com.br/pt_br/produtos-e-servicos/negociacao/renda-variavel/empresas-listadas.htm?codigo=18406
19860,RBCAPITALSEC,?,03.559.006/0001-91,20/01/2017,0,2,0,http://www.b3.com.br/pt_br/produtos-e-servicos/negociacao/renda-variavel/empresas-listadas.htm?codigo=19860
12572,RECRUSUL,RCSL3,91.333.666/0001-17,26/04/2019,2154,33,23,http://www.b3.com.br/pt_br/produtos-e-servicos/negociacao/renda-variavel/empresas-listadas.htm?codigo=12572
24821,REDE D OR,RDOR3,06.047.087/0001-39,13/11/2020,59,9,0,http://www.b3.com.br/pt_br/produtos-e-servicos/negociacao/renda-variavel/empresas-listadas.htm?codigo=24821
3190,REDE ENERGIA,REDE3,61.584.140/0001-49,28/04/2020,5606,1587,5,http://www.b3.com.br/pt_br/produtos-e-servicos/negociacao/renda-variavel/empresas-listadas.htm?codigo=3190
22128,REDENTOR,?,12.126.500/0001-53,27/04/2015,301,4,5,http://www.b3.com.br/pt_br/produtos-e-servicos/negociacao/renda-variavel/empresas-listadas.htm?codigo=22128
21636,RENOVA,RNEW11,08.534.605/0001-74,31/07/2020,5266,39,0,http://www.b3.com.br/pt_br/produtos-e-servicos/negociacao/renda-variavel/empresas-listadas.htm?codigo=21636
17337,RET PART,OPRE3B,02.363.917/0001-86,14/02/2017,3,0,1,http://www.b3.com.br/pt_br/produtos-e-servicos/negociacao/renda-variavel/empresas-listadas.htm?codigo=17337
16535,RIO GDE ENER,?,02.016.439/0001-38,27/04/2018,0,1,0,http://www.b3.com.br/pt_br/produtos-e-servicos/negociacao/renda-variavel/empresas-listadas.htm?codigo=16535
13439,RIOSULENSE,RSUL3,85.778.074/0001-06,20/04/2020,117,11,6,http://www.b3.com.br/pt_br/produtos-e-servicos/negociacao/renda-variavel/empresas-listadas.htm?codigo=13439
22330,RJCP,?,08.281.683/0001-04,27/11/2014,1929,8,9,http://www.b3.com.br/pt_br/produtos-e-servicos/negociacao/renda-variavel/empresas-listadas.htm?codigo=22330
20451,RNI,RDNI3,67.010.660/0001-24,29/06/2020,1679,24,41,http://www.b3.com.br/pt_br/produtos-e-servicos/negociacao/renda-variavel/empresas-listadas.htm?codigo=20451
23167,ROD COLINAS,?,03.025.305/0001-46,29/06/2012,0,1,0,http://www.b3.com.br/pt_br/produtos-e-servicos/negociacao/renda-variavel/empresas-listadas.htm?codigo=23167
22721,ROD TIETE,?,10.678.505/0001-63,30/06/2015,0,2,0,http://www.b3.com.br/pt_br/produtos-e-servicos/negociacao/renda-variavel/empresas-listadas.htm?codigo=22721
16306,ROSSI RESID,RSID3,61.065.751/0001-80,29/04/2020,4792,88,39,http://www.b3.com.br/pt_br/produtos-e-servicos/negociacao/renda-variavel/empresas-listadas.htm?codigo=16306
22071,RT BANDEIRAS,?,10.647.979/0001-48,27/05/2019,0,2,0,http://www.b3.com.br/pt_br/produtos-e-servicos/negociacao/renda-variavel/empresas-listadas.htm?codigo=22071
17450,RUMO S.A.,RAIL3,02.387.241/0001-60,21/08/2020,65595,1587,41,http://www.b3.com.br/pt_br/produtos-e-servicos/negociacao/renda-variavel/empresas-listadas.htm?codigo=17450
14443,SABESP,SBSP3,43.776.517/0001-80,28/04/2020,24181,1563,1465,http://www.b3.com.br/pt_br/produtos-e-servicos/negociacao/renda-variavel/empresas-listadas.htm?codigo=14443
23540,SALUS INFRA,?,15.494.541/0001-90,28/04/2017,0,2,0,http://www.b3.com.br/pt_br/produtos-e-servicos/negociacao/renda-variavel/empresas-listadas.htm?codigo=23540
18627,SANEPAR,SAPR11,76.484.013/0001-45,27/03/2020,86200,721,826,http://www.b3.com.br/pt_br/produtos-e-servicos/negociacao/renda-variavel/empresas-listadas.htm?codigo=18627
19593,SANESALTO,?,02.724.983/0001-34,28/12/2020,0,1,0,http://www.b3.com.br/pt_br/produtos-e-servicos/negociacao/renda-variavel/empresas-listadas.htm?codigo=19593
12696,SANSUY,SNSY3,14.807.945/0001-24,27/07/2020,784,56,0,http://www.b3.com.br/pt_br/produtos-e-servicos/negociacao/renda-variavel/empresas-listadas.htm?codigo=12696
20532,SANTANDER BR,SANB11,90.400.888/0001-42,30/04/2020,185850,16337,1041,http://www.b3.com.br/pt_br/produtos-e-servicos/negociacao/renda-variavel/empresas-listadas.htm?codigo=20532
4081,SANTANENSE,CTSA3,21.255.567/0001-89,30/04/2020,609,1,1,http://www.b3.com.br/pt_br/produtos-e-servicos/negociacao/renda-variavel/empresas-listadas.htm?codigo=4081
14923,SANTHER,?,61.101.895/0001-45,29/06/2020,0,1,0,http://www.b3.com.br/pt_br/produtos-e-servicos/negociacao/renda-variavel/empresas-listadas.htm?codigo=14923
16446,SANTOS BRAS,?,02.084.220/0001-76,19/04/2017,0,1,0,http://www.b3.com.br/pt_br/produtos-e-servicos/negociacao/renda-variavel/empresas-listadas.htm?codigo=16446
17892,SANTOS BRP,STBP3,02.762.121/0001-04,01/10/2020,88170,253,332,http://www.b3.com.br/pt_br/produtos-e-servicos/negociacao/renda-variavel/empresas-listadas.htm?codigo=17892
13781,SAO CARLOS,SCAR3,29.780.061/0001-09,30/04/2020,4786,274,55,http://www.b3.com.br/pt_br/produtos-e-servicos/negociacao/renda-variavel/empresas-listadas.htm?codigo=13781
20516,SAO MARTINHO,SMTO3,51.466.860/0001-56,31/07/2020,12495,197,367,http://www.b3.com.br/pt_br/produtos-e-servicos/negociacao/renda-variavel/empresas-listadas.htm?codigo=20516
10472,SARAIVA LIVR,SLED3,60.500.139/0001-26,20/07/2020,13825,32,24,http://www.b3.com.br/pt_br/produtos-e-servicos/negociacao/renda-variavel/empresas-listadas.htm?codigo=10472
15261,SAUIPE,PSEG3,00.866.577/0001-80,02/01/2018,0,1,0,http://www.b3.com.br/pt_br/produtos-e-servicos/negociacao/renda-variavel/empresas-listadas.htm?codigo=15261
14664,SCHULZ,SHUL3,84.693.183/0001-68,31/05/2020,24996,46,99,http://www.b3.com.br/pt_br/produtos-e-servicos/negociacao/renda-variavel/empresas-listadas.htm?codigo=14664
3115,SEG AL BAHIA,CSAB3,15.144.017/0001-90,31/03/2020,888,23,3,http://www.b3.com.br/pt_br/produtos-e-servicos/negociacao/renda-variavel/empresas-listadas.htm?codigo=3115
17558,SELECTPART,?,02.604.860/0001-60,24/10/2019,22,3,0,http://www.b3.com.br/pt_br/produtos-e-servicos/negociacao/renda-variavel/empresas-listadas.htm?codigo=17558
25160,SEQUOIA LOG,SEQL3,01.599.101/0001-93,24/12/2020,1502,15,93,http://www.b3.com.br/pt_br/produtos-e-servicos/negociacao/renda-variavel/empresas-listadas.htm?codigo=25160
23221,SER EDUCA,SEER3,04.986.320/0001-13,30/04/2020,7888,135,176,http://www.b3.com.br/pt_br/produtos-e-servicos/negociacao/renda-variavel/empresas-listadas.htm?codigo=23221
10596,SERGEN,SGEN3,33.161.340/0001-53,17/05/2010,589,17,0,http://www.b3.com.br/pt_br/produtos-e-servicos/negociacao/renda-variavel/empresas-listadas.htm?codigo=10596
4030,SID NACIONAL,CSNA3,33.042.730/0001-04,30/04/2020,76281,1437,1437,http://www.b3.com.br/pt_br/produtos-e-servicos/negociacao/renda-variavel/empresas-listadas.htm?codigo=4030
25003,SIMPAR,SIMH3,07.415.333/0001-20,05/08/2020,19987,140,389,http://www.b3.com.br/pt_br/produtos-e-servicos/negociacao/renda-variavel/empresas-listadas.htm?codigo=25003
22799,SINQIA,SQIA3,04.065.791/0001-99,24/09/2020,109354,632,155,http://www.b3.com.br/pt_br/produtos-e-servicos/negociacao/renda-variavel/empresas-listadas.htm?codigo=22799
20745,SLC AGRICOLA,SLCE3,89.096.457/0001-55,30/06/2020,16798760,433718,25735593,http://www.b3.com.br/pt_br/produtos-e-servicos/negociacao/renda-variavel/empresas-listadas.htm?codigo=20745
24260,SMART FIT,SMFT3,07.594.978/0001-78,28/12/2020,12,14,0,http://www.b3.com.br/pt_br/produtos-e-servicos/negociacao/renda-variavel/empresas-listadas.htm?codigo=24260
24252,SMILES,SMLS3,05.730.375/0001-20,31/07/2020,39661,528,385,http://www.b3.com.br/pt_br/produtos-e-servicos/negociacao/renda-variavel/empresas-listadas.htm?codigo=24252
23140,SMILES,?,15.912.764/0001-20,28/09/2017,2899,481,495,http://www.b3.com.br/pt_br/produtos-e-servicos/negociacao/renda-variavel/empresas-listadas.htm?codigo=23140
20680,SOFISA,SFSA3,60.889.128/0001-80,28/04/2016,450,6,27,http://www.b3.com.br/pt_br/produtos-e-servicos/negociacao/renda-variavel/empresas-listadas.htm?codigo=20680
80101,SOLVAYINDUPA,?,05.711.813/0001-03,28/04/2016,7,2,0,http://www.b3.com.br/pt_br/produtos-e-servicos/negociacao/renda-variavel/empresas-listadas.htm?codigo=80101
22551,SOMOS EDUCA,SEDU3,02.541.982/0001-54,07/05/2019,131,17,17,http://www.b3.com.br/pt_br/produtos-e-servicos/negociacao/renda-variavel/empresas-listadas.htm?codigo=22551
10880,SONDOTECNICA,SOND3,33.386.210/0001-19,30/04/2020,2,1,0,http://www.b3.com.br/pt_br/produtos-e-servicos/negociacao/renda-variavel/empresas-listadas.htm?codigo=10880
10960,SPRINGER,SPRI3,92.929.520/0001-00,30/04/2019,948,50,18,http://www.b3.com.br/pt_br/produtos-e-servicos/negociacao/renda-variavel/empresas-listadas.htm?codigo=10960
20966,SPRINGS,SGPS3,07.718.269/0001-57,30/04/2020,6287,104,30,http://www.b3.com.br/pt_br/produtos-e-servicos/negociacao/renda-variavel/empresas-listadas.htm?codigo=20966
9415,SPTURIS,AHEB3,62.002.886/0001-60,29/04/2020,2693,879,0,http://www.b3.com.br/pt_br/produtos-e-servicos/negociacao/renda-variavel/empresas-listadas.htm?codigo=9415
24201,STARA,STTR3,91.495.499/0001-00,07/05/2020,0,3,0,http://www.b3.com.br/pt_br/produtos-e-servicos/negociacao/renda-variavel/empresas-listadas.htm?codigo=24201
22594,STATKRAFT,STKF3,00.622.416/0001-41,14/12/2018,0,2,0,http://www.b3.com.br/pt_br/produtos-e-servicos/negociacao/renda-variavel/empresas-listadas.htm?codigo=22594
23388,STO ANTONIO,?,09.391.823/0001-60,30/04/2019,0,1,0,http://www.b3.com.br/pt_br/produtos-e-servicos/negociacao/renda-variavel/empresas-listadas.htm?codigo=23388
16586,SUDESTE S/A,OPSE3B,02.062.747/0001-08,31/10/2019,0,1,1,http://www.b3.com.br/pt_br/produtos-e-servicos/negociacao/renda-variavel/empresas-listadas.htm?codigo=16586
16438,SUL 116 PART,OPTS3B,01.957.772/0001-89,26/12/2014,0,4,1,http://www.b3.com.br/pt_br/produtos-e-servicos/negociacao/renda-variavel/empresas-listadas.htm?codigo=16438
21121,SUL AMERICA,SULA11,29.978.814/0001-87,29/01/2021,48066,289,1169,http://www.b3.com.br/pt_br/produtos-e-servicos/negociacao/renda-variavel/empresas-listadas.htm?codigo=21121
13030,SULTEPA,?,89.723.993/0001-33,07/10/2013,397,7,12,http://www.b3.com.br/pt_br/produtos-e-servicos/negociacao/renda-variavel/empresas-listadas.htm?codigo=13030
9067,SUZANO HOLD,NEMO3,60.651.809/0001-05,26/05/2020,25,2,0,http://www.b3.com.br/pt_br/produtos-e-servicos/negociacao/renda-variavel/empresas-listadas.htm?codigo=9067
13986,SUZANO S.A.,SUZB3,16.404.287/0001-55,22/05/2020,66270,618,1538,http://www.b3.com.br/pt_br/produtos-e-servicos/negociacao/renda-variavel/empresas-listadas.htm?codigo=13986
20257,TAESA,TAEE11,07.859.971/0001-30,30/04/2020,143521,408,933,http://www.b3.com.br/pt_br/produtos-e-servicos/negociacao/renda-variavel/empresas-listadas.htm?codigo=20257
20508,TAIPE,?,28.573.830/0001-27,06/10/2015,0,2,0,http://www.b3.com.br/pt_br/produtos-e-servicos/negociacao/renda-variavel/empresas-listadas.htm?codigo=20508
21717,TARPON INV,?,05.341.549/0001-63,30/04/2019,2650,13,12,http://www.b3.com.br/pt_br/produtos-e-servicos/negociacao/renda-variavel/empresas-listadas.htm?codigo=21717
6173,TAURUS ARMAS,TASA3,92.781.335/0001-02,29/01/2020,26857,303,10,http://www.b3.com.br/pt_br/produtos-e-servicos/negociacao/renda-variavel/empresas-listadas.htm?codigo=6173
20389,TC SECURIT,?,67.437.434/0001-24,30/04/2015,2,1,0,http://www.b3.com.br/pt_br/produtos-e-servicos/negociacao/renda-variavel/empresas-listadas.htm?codigo=20389
24066,TCP TERMINAL,?,12.919.786/0001-24,24/07/2020,0,1,0,http://www.b3.com.br/pt_br/produtos-e-servicos/negociacao/renda-variavel/empresas-listadas.htm?codigo=24066
11215,TEC BLUMENAU,?,08.424.178/0001-71,06/01/2006,3,4,0,http://www.b3.com.br/pt_br/produtos-e-servicos/negociacao/renda-variavel/empresas-listadas.htm?codigo=11215
22519,TECHNOS,TECN3,09.295.063/0001-97,31/07/2020,11570,50,55,http://www.b3.com.br/pt_br/produtos-e-servicos/negociacao/renda-variavel/empresas-listadas.htm?codigo=22519
20435,TECNISA,TCSA3,08.065.557/0001-12,25/09/2020,58841,253,216,http://www.b3.com.br/pt_br/produtos-e-servicos/negociacao/renda-variavel/empresas-listadas.htm?codigo=20435
11207,TECNOSOLO,TCNO3,33.111.246/0001-90,,0,0,0,http://www.b3.com.br/pt_br/produtos-e-servicos/negociacao/renda-variavel/empresas-listadas.htm?codigo=11207
14133,TECTOY,?,22.770.366/0001-82,23/02/2018,2419,28,3,http://www.b3.com.br/pt_br/produtos-e-servicos/negociacao/renda-variavel/empresas-listadas.htm?codigo=14133
20800,TEGMA,TGMA3,02.351.144/0001-18,30/04/2020,5308,34,270,http://www.b3.com.br/pt_br/produtos-e-servicos/negociacao/renda-variavel/empresas-listadas.htm?codigo=20800
11223,TEKA,TEKA3,82.636.986/0001-55,,0,0,0,http://www.b3.com.br/pt_br/produtos-e-servicos/negociacao/renda-variavel/empresas-listadas.htm?codigo=11223
11231,TEKNO,TKNO3,33.467.572/0001-34,16/07/2020,429,3,8,http://www.b3.com.br/pt_br/produtos-e-servicos/negociacao/renda-variavel/empresas-listadas.htm?codigo=11231
11258,TELEBRAS,TELB3,00.336.701/0001-04,27/07/2020,7092,1549,75,http://www.b3.com.br/pt_br/produtos-e-servicos/negociacao/renda-variavel/empresas-listadas.htm?codigo=11258
17671,TELEF BRASIL,VIVT3,02.558.157/0001-62,01/10/2020,1847020,461128,3246,http://www.b3.com.br/pt_br/produtos-e-servicos/negociacao/renda-variavel/empresas-listadas.htm?codigo=17671
17418,TELINVEST,TLVT3B,02.476.710/0001-18,29/04/2011,3,1,1,http://www.b3.com.br/pt_br/produtos-e-servicos/negociacao/renda-variavel/empresas-listadas.htm?codigo=17418
21148,TENDA,TEND3,71.476.527/0001-35,10/07/2020,12815,610,0,http://www.b3.com.br/pt_br/produtos-e-servicos/negociacao/renda-variavel/empresas-listadas.htm?codigo=21148
23329,TERM. PE III,?,10.502.676/0001-37,14/07/2014,0,1,0,http://www.b3.com.br/pt_br/produtos-e-servicos/negociacao/renda-variavel/empresas-listadas.htm?codigo=23329
15407,TERMIN PORT,?,85.041.333/0001-11,28/12/2015,0,6,0,http://www.b3.com.br/pt_br/produtos-e-servicos/negociacao/renda-variavel/empresas-listadas.htm?codigo=15407
19852,TERMOPE,?,03.795.050/0001-09,17/04/2020,0,1,0,http://www.b3.com.br/pt_br/produtos-e-servicos/negociacao/renda-variavel/empresas-listadas.htm?codigo=19852
20354,TERRA SANTA,TESA3,05.799.312/0001-20,27/08/2020,7638,72,63,http://www.b3.com.br/pt_br/produtos-e-servicos/negociacao/renda-variavel/empresas-listadas.htm?codigo=20354
7544,TEX RENAUX,?,82.982.075/0001-80,29/04/2019,606,26,13,http://www.b3.com.br/pt_br/produtos-e-servicos/negociacao/renda-variavel/empresas-listadas.htm?codigo=7544
24929,TIM,TIMS3,02.421.421/0001-11,28/09/2020,1270233,229942,849,http://www.b3.com.br/pt_br/produtos-e-servicos/negociacao/renda-variavel/empresas-listadas.htm?codigo=24929
17639,TIM PART S/A,?,02.558.115/0001-21,07/04/2020,1253361,231889,667,http://www.b3.com.br/pt_br/produtos-e-servicos/negociacao/renda-variavel/empresas-listadas.htm?codigo=17639
22454,TIME FOR FUN,SHOW3,02.860.694/0001-62,22/07/2020,11732,142,49,http://www.b3.com.br/pt_br/produtos-e-servicos/negociacao/renda-variavel/empresas-listadas.htm?codigo=22454
19992,TOTVS,TOTS3,53.113.791/0001-22,27/04/2020,16546,235,1019,http://www.b3.com.br/pt_br/produtos-e-servicos/negociacao/renda-variavel/empresas-listadas.htm?codigo=19992
25208,TRACK FIELD,TFCO4,59.418.806/0001-47,17/09/2020,5,0,0,http://www.b3.com.br/pt_br/produtos-e-servicos/negociacao/renda-variavel/empresas-listadas.htm?codigo=25208
18376,TRAN PAULIST,TRPL3,02.998.611/0001-04,16/04/2019,127479,653,1504,http://www.b3.com.br/pt_br/produtos-e-servicos/negociacao/renda-variavel/empresas-listadas.htm?codigo=18376
8192,TREVISA,LUXM3,92.660.570/0001-26,31/07/2020,139,5,9,http://www.b3.com.br/pt_br/produtos-e-servicos/negociacao/renda-variavel/empresas-listadas.htm?codigo=8192
23060,TRIANGULOSOL,?,02.509.186/0001-34,20/04/2018,0,1,0,http://www.b3.com.br/pt_br/produtos-e-servicos/negociacao/renda-variavel/empresas-listadas.htm?codigo=23060
21130,TRISUL,TRIS3,08.811.643/0001-27,23/04/2020,21238,258,176,http://www.b3.com.br/pt_br/produtos-e-servicos/negociacao/renda-variavel/empresas-listadas.htm?codigo=21130
19330,TRIUNFO PART,TPIS3,03.014.553/0001-91,02/06/2020,10802,78,1,http://www.b3.com.br/pt_br/produtos-e-servicos/negociacao/renda-variavel/empresas-listadas.htm?codigo=19330
22276,TRUESEC,?,12.130.744/0001-00,25/05/2018,0,2,0,http://www.b3.com.br/pt_br/produtos-e-servicos/negociacao/renda-variavel/empresas-listadas.htm?codigo=22276
6343,TUPY,TUPY3,84.683.374/0001-49,30/04/2020,35427,431,371,http://www.b3.com.br/pt_br/produtos-e-servicos/negociacao/renda-variavel/empresas-listadas.htm?codigo=6343
18465,ULTRAPAR,UGPA3,33.256.439/0001-39,22/09/2020,30673,827,1557,http://www.b3.com.br/pt_br/produtos-e-servicos/negociacao/renda-variavel/empresas-listadas.htm?codigo=18465
20079,UNI CIDADE,?,07.394.616/0001-33,05/06/2013,0,1,0,http://www.b3.com.br/pt_br/produtos-e-servicos/negociacao/renda-variavel/empresas-listadas.htm?codigo=20079
22780,UNICASA,UCAS3,90.441.460/0001-48,03/12/2019,3674,18,44,http://www.b3.com.br/pt_br/produtos-e-servicos/negociacao/renda-variavel/empresas-listadas.htm?codigo=22780
21555,UNIDAS,?,04.437.534/0001-30,16/06/2020,0,1,0,http://www.b3.com.br/pt_br/produtos-e-servicos/negociacao/renda-variavel/empresas-listadas.htm?codigo=21555
11592,UNIPAR,UNIP3,33.958.695/0001-78,30/04/2020,33894,249,158,http://www.b3.com.br/pt_br/produtos-e-servicos/negociacao/renda-variavel/empresas-listadas.htm?codigo=11592
16624,UPTICK,UPKP3B,02.162.616/0001-94,29/04/2019,1,1,0,http://www.b3.com.br/pt_br/produtos-e-servicos/negociacao/renda-variavel/empresas-listadas.htm?codigo=16624
14320,USIMINAS,USIM3,60.894.730/0001-05,28/04/2020,104141,883,404,http://www.b3.com.br/pt_br/produtos-e-servicos/negociacao/renda-variavel/empresas-listadas.htm?codigo=14320
12220,USIN C PINTO,?,44.689.123/0001-57,31/07/2012,727,10,22,http://www.b3.com.br/pt_br/produtos-e-servicos/negociacao/renda-variavel/empresas-listadas.htm?codigo=12220
4170,VALE,VALE3,33.592.510/0001-54,30/04/2020,201979,2259,1921,http://www.b3.com.br/pt_br/produtos-e-servicos/negociacao/renda-variavel/empresas-listadas.htm?codigo=4170
20028,VALID,VLID3,33.113.309/0001-47,29/04/2020,20134,402,76,http://www.b3.com.br/pt_br/produtos-e-servicos/negociacao/renda-variavel/empresas-listadas.htm?codigo=20028
24554,VEROBANRISUL,?,92.934.215/0001-06,21/05/2018,0,2,0,http://www.b3.com.br/pt_br/produtos-e-servicos/negociacao/renda-variavel/empresas-listadas.htm?codigo=24554
23990,VERTCIASEC,?,25.005.683/0001-09,05/10/2018,2,1,0,http://www.b3.com.br/pt_br/produtos-e-servicos/negociacao/renda-variavel/empresas-listadas.htm?codigo=23990
21024,VIAOESTE,?,02.415.408/0001-50,05/06/2020,0,1,0,http://www.b3.com.br/pt_br/produtos-e-servicos/negociacao/renda-variavel/empresas-listadas.htm?codigo=21024
6505,VIAVAREJO,VVAR3,33.041.260/0652-90,31/07/2020,444521,2168,1440,http://www.b3.com.br/pt_br/produtos-e-servicos/negociacao/renda-variavel/empresas-listadas.htm?codigo=6505
18902,VICUNHA SID,?,02.871.007/0001-04,30/04/2010,8,1,0,http://www.b3.com.br/pt_br/produtos-e-servicos/negociacao/renda-variavel/empresas-listadas.htm?codigo=18902
22772,VIGOR FOOD,?,13.324.184/0001-97,28/04/2016,86,10,2,http://www.b3.com.br/pt_br/produtos-e-servicos/negociacao/renda-variavel/empresas-listadas.htm?codigo=22772
21075,VISION SEC,?,08.937.002/0001-13,30/05/2014,2,1,0,http://www.b3.com.br/pt_br/produtos-e-servicos/negociacao/renda-variavel/empresas-listadas.htm?codigo=21075
24805,VIVARA S.A.,VIVA3,33.839.910/0001-11,30/04/2020,54596,132,298,http://www.b3.com.br/pt_br/produtos-e-servicos/negociacao/renda-variavel/empresas-listadas.htm?codigo=24805
20702,VIVER,VIVR3,67.571.414/0001-41,25/06/2020,13469,259,0,http://www.b3.com.br/pt_br/produtos-e-servicos/negociacao/renda-variavel/empresas-listadas.htm?codigo=20702
11762,VULCABRAS,VULC3,50.926.955/0001-42,24/07/2020,29488,145,181,http://www.b3.com.br/pt_br/produtos-e-servicos/negociacao/renda-variavel/empresas-listadas.htm?codigo=11762
5410,WEG,WEGE3,84.429.695/0001-11,28/04/2020,219109,2421,978,http://www.b3.com.br/pt_br/produtos-e-servicos/negociacao/renda-variavel/empresas-listadas.htm?codigo=5410
11800,WEMBLEY,WMBY3,25.329.319/0001-96,30/04/2016,23,1,2,http://www.b3.com.br/pt_br/produtos-e-servicos/negociacao/renda-variavel/empresas-listadas.htm?codigo=11800
25518,WESTWING,WEST3,14.776.142/0001-50,23/11/2020,2,2,0,http://www.b3.com.br/pt_br/produtos-e-servicos/negociacao/renda-variavel/empresas-listadas.htm?codigo=25518
11991,WETZEL S/A,MWET3,84.683.671/0001-94,28/04/2020,564,19,10,http://www.b3.com.br/pt_br/produtos-e-servicos/negociacao/renda-variavel/empresas-listadas.htm?codigo=11991
14346,WHIRLPOOL,WHRL3,59.105.999/0001-86,26/04/2019,957,23,10,http://www.b3.com.br/pt_br/produtos-e-servicos/negociacao/renda-variavel/empresas-listadas.htm?codigo=14346
80047,WILSON SONS,WSON33,05.721.735/0001-28,29/04/2020,570,5,115,http://www.b3.com.br/pt_br/produtos-e-servicos/negociacao/renda-variavel/empresas-listadas.htm?codigo=80047
23590,WIZ S.A.,WIZS3,42.278.473/0001-03,24/04/2019,57158,953,155,http://www.b3.com.br/pt_br/produtos-e-servicos/negociacao/renda-variavel/empresas-listadas.htm?codigo=23590
11070,WLM IND COM,WLMM3,33.228.024/0001-51,30/04/2020,3678,20,13,http://www.b3.com.br/pt_br/produtos-e-servicos/negociacao/renda-variavel/empresas-listadas.htm?codigo=11070
18430,WTORRE PIC,?,02.643.896/0001-52,28/04/2018,0,1,0,http://www.b3.com.br/pt_br/produtos-e-servicos/negociacao/renda-variavel/empresas-listadas.htm?codigo=18430
20001,XX NOVEMBRO,?,03.538.833/0001-07,01/09/2014,1,0,1,http://www.b3.com.br/pt_br/produtos-e-servicos/negociacao/renda-variavel/empresas-listadas.htm?codigo=20001
21016,YDUQS PART,YDUQ3,08.807.432/0001-10,24/04/2020,24581,186,973,http://www.b3.com.br/pt_br/produtos-e-servicos/negociacao/renda-variavel/empresas-listadas.htm?codigo=21016